-- MySQL dump 10.13  Distrib 8.0.18, for Linux (x86_64)
--
-- Host: localhost    Database: vk
-- ------------------------------------------------------
-- Server version	8.0.18

/*!40101 SET @OLD_CHARACTER_SET_CLIENT=@@CHARACTER_SET_CLIENT */;
/*!40101 SET @OLD_CHARACTER_SET_RESULTS=@@CHARACTER_SET_RESULTS */;
/*!40101 SET @OLD_COLLATION_CONNECTION=@@COLLATION_CONNECTION */;
/*!50503 SET NAMES utf8mb4 */;
/*!40103 SET @OLD_TIME_ZONE=@@TIME_ZONE */;
/*!40103 SET TIME_ZONE='+00:00' */;
/*!40014 SET @OLD_UNIQUE_CHECKS=@@UNIQUE_CHECKS, UNIQUE_CHECKS=0 */;
/*!40014 SET @OLD_FOREIGN_KEY_CHECKS=@@FOREIGN_KEY_CHECKS, FOREIGN_KEY_CHECKS=0 */;
/*!40101 SET @OLD_SQL_MODE=@@SQL_MODE, SQL_MODE='NO_AUTO_VALUE_ON_ZERO' */;
/*!40111 SET @OLD_SQL_NOTES=@@SQL_NOTES, SQL_NOTES=0 */;

--
-- Table structure for table `communities`
--

DROP TABLE IF EXISTS `communities`;
/*!40101 SET @saved_cs_client     = @@character_set_client */;
/*!50503 SET character_set_client = utf8mb4 */;
CREATE TABLE `communities` (
  `id` int(10) unsigned NOT NULL AUTO_INCREMENT,
  `name` varchar(150) CHARACTER SET utf8 COLLATE utf8_unicode_ci NOT NULL,
  PRIMARY KEY (`id`),
  UNIQUE KEY `name` (`name`)
) ENGINE=InnoDB AUTO_INCREMENT=101 DEFAULT CHARSET=utf8 COLLATE=utf8_unicode_ci;
/*!40101 SET character_set_client = @saved_cs_client */;

--
-- Dumping data for table `communities`
--

LOCK TABLES `communities` WRITE;
/*!40000 ALTER TABLE `communities` DISABLE KEYS */;
INSERT INTO `communities` VALUES (64,'accusantium'),(63,'ad'),(14,'aliquam'),(28,'asperiores'),(100,'aspernatur'),(88,'autem'),(22,'beatae'),(46,'blanditiis'),(95,'consequatur'),(50,'consequuntur'),(81,'culpa'),(96,'cum'),(17,'cumque'),(31,'delectus'),(66,'deleniti'),(59,'deserunt'),(72,'distinctio'),(2,'dolor'),(73,'dolorem'),(48,'dolores'),(69,'doloribus'),(62,'earum'),(12,'enim'),(47,'eos'),(60,'error'),(39,'esse'),(9,'est'),(6,'et'),(36,'eum'),(67,'eveniet'),(87,'ex'),(79,'facilis'),(5,'fugiat'),(26,'hic'),(19,'id'),(52,'illum'),(93,'incidunt'),(32,'inventore'),(41,'ipsam'),(84,'iure'),(38,'iusto'),(8,'labore'),(49,'laboriosam'),(35,'magnam'),(92,'magni'),(80,'maiores'),(45,'maxime'),(56,'molestiae'),(13,'mollitia'),(57,'nam'),(85,'natus'),(70,'neque'),(20,'nihil'),(53,'nisi'),(16,'nobis'),(71,'non'),(74,'nulla'),(44,'numquam'),(90,'odit'),(23,'officiis'),(24,'omnis'),(89,'optio'),(98,'placeat'),(42,'porro'),(82,'praesentium'),(10,'provident'),(78,'quae'),(4,'quas'),(68,'quasi'),(18,'qui'),(3,'quia'),(94,'quidem'),(91,'quis'),(65,'quisquam'),(83,'quo'),(99,'quod'),(40,'quos'),(37,'ratione'),(97,'rem'),(30,'repellendus'),(76,'reprehenderit'),(86,'rerum'),(15,'saepe'),(27,'sapiente'),(51,'sed'),(21,'sit'),(29,'soluta'),(55,'suscipit'),(43,'tempore'),(25,'tenetur'),(61,'totam'),(33,'ut'),(34,'vel'),(11,'velit'),(77,'veniam'),(58,'vero'),(75,'vitae'),(7,'voluptas'),(1,'voluptatem'),(54,'voluptatum');
/*!40000 ALTER TABLE `communities` ENABLE KEYS */;
UNLOCK TABLES;

--
-- Table structure for table `communities_users`
--

DROP TABLE IF EXISTS `communities_users`;
/*!40101 SET @saved_cs_client     = @@character_set_client */;
/*!50503 SET character_set_client = utf8mb4 */;
CREATE TABLE `communities_users` (
  `community_id` int(10) unsigned NOT NULL,
  `user_id` int(10) unsigned NOT NULL,
  PRIMARY KEY (`community_id`,`user_id`)
) ENGINE=InnoDB DEFAULT CHARSET=utf8 COLLATE=utf8_unicode_ci;
/*!40101 SET character_set_client = @saved_cs_client */;

--
-- Dumping data for table `communities_users`
--

LOCK TABLES `communities_users` WRITE;
/*!40000 ALTER TABLE `communities_users` DISABLE KEYS */;
INSERT INTO `communities_users` VALUES (1,71),(1,75),(3,68),(5,17),(6,75),(7,26),(9,37),(10,85),(11,48),(12,19),(12,42),(12,46),(13,54),(13,75),(13,93),(14,60),(16,97),(17,25),(17,72),(18,2),(18,3),(18,71),(19,82),(21,12),(22,5),(24,99),(25,38),(25,97),(26,39),(26,81),(26,86),(27,10),(28,64),(30,54),(31,39),(33,3),(33,13),(33,90),(34,56),(34,61),(34,94),(36,28),(36,51),(36,84),(38,62),(38,65),(39,72),(41,60),(41,71),(41,91),(43,23),(46,8),(46,71),(47,27),(48,5),(50,47),(51,36),(52,44),(52,66),(55,47),(55,93),(56,64),(57,39),(57,46),(59,29),(60,22),(64,62),(67,31),(67,98),(68,43),(68,99),(69,1),(69,9),(70,20),(73,55),(73,85),(73,96),(76,47),(78,56),(78,81),(79,41),(79,51),(80,18),(81,47),(82,28),(82,46),(83,5),(84,36),(85,74),(86,14),(87,69),(88,91),(89,84),(90,36),(90,40),(95,67),(96,32),(96,33),(98,14);
/*!40000 ALTER TABLE `communities_users` ENABLE KEYS */;
UNLOCK TABLES;

--
-- Table structure for table `friendship`
--

DROP TABLE IF EXISTS `friendship`;
/*!40101 SET @saved_cs_client     = @@character_set_client */;
/*!50503 SET character_set_client = utf8mb4 */;
CREATE TABLE `friendship` (
  `user_id` int(10) unsigned NOT NULL,
  `friend_id` int(10) unsigned NOT NULL,
  `status_id` int(10) unsigned NOT NULL,
  `requested_at` datetime DEFAULT CURRENT_TIMESTAMP,
  `confirmed_at` datetime DEFAULT NULL,
  PRIMARY KEY (`user_id`,`friend_id`)
) ENGINE=InnoDB DEFAULT CHARSET=utf8 COLLATE=utf8_unicode_ci;
/*!40101 SET character_set_client = @saved_cs_client */;

--
-- Dumping data for table `friendship`
--

LOCK TABLES `friendship` WRITE;
/*!40000 ALTER TABLE `friendship` DISABLE KEYS */;
INSERT INTO `friendship` VALUES (2,61,1,'2015-10-23 00:13:06','2010-12-29 06:02:15'),(3,36,2,'1976-12-26 11:32:08','2016-08-02 12:01:12'),(4,23,2,'1984-06-16 05:03:01','2015-05-07 02:33:22'),(4,40,1,'2012-07-14 09:13:12','1998-11-23 02:14:25'),(7,2,2,'1980-12-06 17:02:43','2002-08-26 09:49:42'),(7,28,2,'1982-07-22 08:34:02','1978-10-14 17:35:37'),(7,57,2,'2005-11-26 18:40:10','1980-01-13 15:35:22'),(9,40,2,'1985-11-01 00:12:59','2017-09-15 16:46:50'),(9,68,2,'2001-03-21 18:12:29','2009-06-01 00:50:38'),(12,64,2,'2003-12-06 03:45:48','1973-06-11 12:51:36'),(13,68,1,'1972-04-03 11:19:29','1970-07-02 03:48:07'),(15,15,1,'1976-05-31 20:03:29','2003-06-14 17:07:05'),(15,63,1,'1992-03-17 17:12:05','2013-01-20 12:06:48'),(15,71,1,'2007-08-30 17:44:08','1978-04-05 22:21:32'),(16,81,1,'2009-09-11 03:19:04','1974-10-31 15:35:37'),(17,86,2,'2002-05-24 22:58:57','1994-01-03 19:49:58'),(19,45,2,'1977-04-29 15:49:34','2017-12-23 13:09:16'),(21,22,1,'1998-11-25 05:32:53','2002-02-05 16:55:30'),(23,8,2,'2017-07-26 19:08:46','1980-04-06 22:06:22'),(23,73,2,'1970-12-05 04:33:20','1980-05-03 07:55:01'),(24,59,2,'2012-04-09 02:53:47','1970-02-13 02:31:03'),(24,96,1,'2013-05-24 21:28:42','2003-12-01 14:53:22'),(25,83,2,'2004-04-28 02:21:44','2010-08-15 16:41:01'),(25,98,2,'1987-09-24 01:34:47','1973-07-25 10:31:03'),(26,51,2,'1981-02-03 06:07:29','2014-12-21 07:33:57'),(26,56,1,'2000-07-28 08:20:24','2004-09-29 06:15:15'),(26,64,1,'1989-05-03 13:34:22','1992-08-14 15:18:41'),(26,67,1,'2006-02-26 18:22:54','2005-04-23 03:33:26'),(27,11,2,'2000-10-10 22:56:35','1974-11-18 15:39:59'),(27,32,1,'1972-11-09 00:18:22','1990-04-03 05:37:37'),(27,48,1,'1995-10-20 11:51:04','1995-04-14 08:26:54'),(27,68,1,'2014-02-04 03:34:03','1977-05-31 20:08:52'),(28,76,1,'2008-08-21 00:43:35','1975-03-28 23:59:49'),(29,5,1,'1975-01-02 00:11:05','1994-07-18 09:32:37'),(29,100,1,'1980-10-03 23:48:39','1984-10-11 06:24:13'),(30,8,1,'2012-05-05 16:36:13','1992-04-06 23:45:27'),(31,26,2,'1985-05-13 19:21:59','2017-07-11 05:53:18'),(32,100,1,'1993-08-03 23:00:10','1994-11-25 05:06:18'),(33,95,1,'1995-05-20 02:24:33','1983-02-01 02:36:48'),(34,6,2,'1972-08-15 03:56:52','1992-01-03 02:07:12'),(34,34,2,'2015-03-16 10:11:34','1977-07-31 22:25:24'),(35,46,2,'2002-08-04 18:29:48','2017-01-01 15:31:50'),(37,37,2,'2009-06-21 21:42:40','2000-02-09 08:32:01'),(39,81,1,'1999-10-08 05:05:52','2010-02-11 14:44:57'),(41,88,1,'2004-11-03 07:12:47','1977-10-23 01:18:31'),(44,1,2,'1999-06-02 06:37:30','1999-05-05 18:04:42'),(45,50,2,'1972-05-12 00:51:07','1991-07-23 13:43:51'),(45,97,1,'1993-11-30 18:55:30','2001-06-28 10:09:31'),(46,5,2,'1970-06-03 06:44:22','2006-12-30 01:05:43'),(48,14,2,'1980-05-07 00:20:30','1994-10-31 21:22:22'),(48,49,2,'1994-05-18 00:12:15','1974-03-15 10:46:03'),(48,66,1,'1992-02-15 21:00:01','2004-08-17 02:08:03'),(49,14,1,'2011-05-07 08:31:08','2002-07-29 06:31:57'),(53,72,1,'1982-07-07 22:52:31','2005-05-31 13:58:49'),(53,77,1,'2013-12-31 07:15:48','1993-08-20 09:41:03'),(54,89,2,'2012-07-20 17:37:45','1995-07-16 06:46:36'),(55,10,2,'1986-02-10 09:34:13','1980-08-16 21:30:56'),(55,30,2,'2001-08-28 15:37:06','1973-12-18 20:08:14'),(57,85,2,'1977-07-13 10:58:16','1973-10-31 12:48:14'),(58,56,2,'1970-06-07 20:30:01','2003-05-11 07:23:09'),(58,88,1,'1992-11-13 01:21:55','2005-12-13 07:32:54'),(60,11,1,'2002-06-05 19:58:17','1976-08-31 00:15:57'),(60,31,2,'1986-11-02 03:18:22','2005-12-07 12:24:55'),(61,14,1,'1976-07-12 02:33:42','2009-01-11 11:45:16'),(61,98,2,'1991-02-04 08:56:48','2009-01-16 15:04:22'),(62,81,1,'2007-08-06 20:13:21','1991-09-27 11:26:57'),(62,99,1,'1971-09-04 04:20:17','1985-04-07 16:15:56'),(66,55,2,'2005-12-31 08:32:09','1973-11-01 11:34:49'),(67,27,1,'1990-10-07 15:56:16','1976-04-29 11:27:21'),(71,13,1,'2013-07-11 08:21:48','1986-08-09 21:48:31'),(71,17,1,'1993-10-25 09:55:27','2017-07-03 10:15:52'),(72,9,2,'2003-02-16 03:07:43','1981-04-24 18:57:21'),(72,27,2,'2013-05-04 14:39:27','1978-08-02 08:17:50'),(73,81,2,'1986-05-27 16:39:54','2015-06-09 14:20:51'),(75,64,1,'1989-06-17 14:38:51','1982-09-17 03:14:48'),(76,21,1,'2000-10-26 04:37:29','1979-01-11 14:48:26'),(77,37,1,'2004-02-29 18:32:23','2006-11-26 08:03:28'),(77,54,1,'1974-05-24 19:55:35','1984-12-19 01:42:00'),(77,67,1,'1982-10-31 07:11:02','1971-03-27 17:24:15'),(77,91,1,'1972-02-11 21:58:22','2000-12-17 17:53:14'),(82,1,2,'2009-07-18 11:24:48','1980-02-07 10:01:18'),(82,53,2,'1974-04-19 21:34:37','2006-02-14 15:09:27'),(82,85,1,'1991-08-06 07:11:56','2012-03-11 08:33:34'),(83,73,2,'1996-09-04 04:02:09','2005-03-15 22:27:55'),(83,97,2,'1976-05-09 16:02:56','1998-12-10 10:35:18'),(84,8,1,'1984-04-29 04:02:38','1986-09-14 03:36:19'),(84,74,1,'1987-08-01 19:40:43','1995-12-24 07:47:25'),(87,54,2,'2016-03-24 19:11:38','1978-11-27 00:15:22'),(87,61,2,'1991-04-22 07:28:27','1999-04-13 02:11:26'),(90,14,1,'1978-11-15 02:55:28','1989-08-11 17:36:52'),(93,1,2,'1977-11-10 23:29:24','1989-01-11 00:27:39'),(94,31,2,'1982-10-23 04:40:33','2002-11-24 08:14:31'),(95,49,1,'1981-02-11 15:38:19','1979-03-16 00:34:37'),(96,1,2,'1984-02-07 01:22:21','1997-11-30 14:16:18'),(97,2,1,'1981-10-31 16:18:45','1989-10-29 09:14:56'),(97,10,2,'2014-07-15 08:55:50','2003-07-24 11:19:28'),(99,37,1,'2016-04-22 18:34:18','1998-04-26 17:42:05'),(99,67,1,'1972-11-10 19:06:24','1971-06-25 16:44:23'),(100,31,2,'1978-07-28 02:25:54','2017-10-27 07:41:37');
/*!40000 ALTER TABLE `friendship` ENABLE KEYS */;
UNLOCK TABLES;

--
-- Table structure for table `friendship_statuses`
--

DROP TABLE IF EXISTS `friendship_statuses`;
/*!40101 SET @saved_cs_client     = @@character_set_client */;
/*!50503 SET character_set_client = utf8mb4 */;
CREATE TABLE `friendship_statuses` (
  `id` int(10) unsigned NOT NULL AUTO_INCREMENT,
  `name` varchar(150) CHARACTER SET utf8 COLLATE utf8_unicode_ci NOT NULL,
  PRIMARY KEY (`id`),
  UNIQUE KEY `name` (`name`)
) ENGINE=InnoDB AUTO_INCREMENT=3 DEFAULT CHARSET=utf8 COLLATE=utf8_unicode_ci;
/*!40101 SET character_set_client = @saved_cs_client */;

--
-- Dumping data for table `friendship_statuses`
--

LOCK TABLES `friendship_statuses` WRITE;
/*!40000 ALTER TABLE `friendship_statuses` DISABLE KEYS */;
INSERT INTO `friendship_statuses` VALUES (1,'Confirmed'),(2,'Requested');
/*!40000 ALTER TABLE `friendship_statuses` ENABLE KEYS */;
UNLOCK TABLES;

--
-- Table structure for table `media`
--

DROP TABLE IF EXISTS `media`;
/*!40101 SET @saved_cs_client     = @@character_set_client */;
/*!50503 SET character_set_client = utf8mb4 */;
CREATE TABLE `media` (
  `id` int(10) unsigned NOT NULL AUTO_INCREMENT,
  `media_type_id` int(10) unsigned NOT NULL,
  `user_id` int(10) unsigned NOT NULL,
  `filename` varchar(255) CHARACTER SET utf8 COLLATE utf8_unicode_ci NOT NULL,
  `size` int(11) NOT NULL,
  `metadata` json DEFAULT NULL,
  `created_at` datetime DEFAULT CURRENT_TIMESTAMP,
  `updated_at` datetime DEFAULT CURRENT_TIMESTAMP ON UPDATE CURRENT_TIMESTAMP,
  PRIMARY KEY (`id`)
) ENGINE=InnoDB AUTO_INCREMENT=101 DEFAULT CHARSET=utf8 COLLATE=utf8_unicode_ci;
/*!40101 SET character_set_client = @saved_cs_client */;

--
-- Dumping data for table `media`
--

LOCK TABLES `media` WRITE;
/*!40000 ALTER TABLE `media` DISABLE KEYS */;
INSERT INTO `media` VALUES (1,3,30,'https://dropbox/vk/file_35604',35604,'{\"35604\": \"Kurtis Jenkins\"}','2015-09-24 13:18:05','2020-01-11 22:15:54'),(2,3,82,'https://dropbox/vk/file_2645',2645,'{\"2645\": \"Tremayne Morar\"}','1994-09-26 21:23:29','2020-01-11 22:15:54'),(3,2,100,'https://dropbox/vk/file_26745',26745,'{\"26745\": \"Rosina West\"}','1984-12-06 13:17:07','2020-01-11 22:15:54'),(4,2,92,'https://dropbox/vk/file_14665',14665,'{\"14665\": \"Joel Collier\"}','1993-05-18 19:32:07','2020-01-11 22:15:54'),(5,1,37,'https://dropbox/vk/file_32063',32063,'{\"32063\": \"Reba Herman\"}','2019-04-19 17:15:10','2020-01-11 22:15:54'),(6,1,12,'https://dropbox/vk/file_38134',38134,'{\"38134\": \"Sarah Dare\"}','1977-12-21 07:43:30','2020-01-11 22:15:54'),(7,1,74,'https://dropbox/vk/file_2755',2755,'{\"2755\": \"Zoey Lockman\"}','1972-01-24 13:58:48','2020-01-11 22:15:54'),(8,3,64,'https://dropbox/vk/file_31802',31802,'{\"31802\": \"Cale Vandervort\"}','1989-10-07 06:04:20','2020-01-11 22:15:54'),(9,1,19,'https://dropbox/vk/file_1455',1455,'{\"1455\": \"Cornell Cormier\"}','2002-07-16 21:30:40','2020-01-11 22:15:54'),(10,2,11,'https://dropbox/vk/file_28464',28464,'{\"28464\": \"Alvah Schamberger\"}','1997-03-08 01:40:02','2020-01-11 22:15:54'),(11,2,18,'https://dropbox/vk/file_17389',17389,'{\"17389\": \"Yasmeen Wunsch\"}','1986-07-27 07:49:06','2020-01-11 22:15:54'),(12,3,19,'https://dropbox/vk/file_26184',26184,'{\"26184\": \"Cornell Cormier\"}','1990-11-27 17:59:26','2020-01-11 22:15:54'),(13,3,69,'https://dropbox/vk/file_34015',34015,'{\"34015\": \"Brook Kuhic\"}','2004-04-23 12:11:13','2020-01-11 22:15:54'),(14,1,11,'https://dropbox/vk/file_8691',8691,'{\"8691\": \"Alvah Schamberger\"}','1991-01-03 16:44:24','2020-01-11 22:15:54'),(15,3,26,'https://dropbox/vk/file_2364',2364,'{\"2364\": \"Johanna Parker\"}','2016-08-14 12:16:40','2020-01-11 22:15:54'),(16,2,62,'https://dropbox/vk/file_12685',12685,'{\"12685\": \"Earl O\'Connell\"}','1994-02-25 09:03:51','2020-01-11 22:15:54'),(17,2,31,'https://dropbox/vk/file_28808',28808,'{\"28808\": \"Samara Blick\"}','1992-11-18 14:27:25','2020-01-11 22:15:54'),(18,2,92,'https://dropbox/vk/file_28625',28625,'{\"28625\": \"Joel Collier\"}','2001-02-11 02:59:02','2020-01-11 22:15:54'),(19,1,89,'https://dropbox/vk/file_16732',16732,'{\"16732\": \"Mathew Barrows\"}','1983-12-27 08:43:20','2020-01-11 22:15:54'),(20,3,33,'https://dropbox/vk/file_22988',22988,'{\"22988\": \"Suzanne Shields\"}','2009-11-03 06:04:45','2020-01-11 22:15:54'),(21,1,16,'https://dropbox/vk/file_35404',35404,'{\"35404\": \"Theresa Simonis\"}','1988-02-28 20:58:30','2020-01-11 22:15:54'),(22,2,58,'https://dropbox/vk/file_18613',18613,'{\"18613\": \"Estella Goyette\"}','1976-11-24 22:41:55','2020-01-11 22:15:54'),(23,3,20,'https://dropbox/vk/file_6535',6535,'{\"6535\": \"Joe Luettgen\"}','2001-02-14 06:56:37','2020-01-11 22:15:54'),(24,1,20,'https://dropbox/vk/file_15032',15032,'{\"15032\": \"Joe Luettgen\"}','2013-04-10 18:27:20','2020-01-11 22:15:54'),(25,2,80,'https://dropbox/vk/file_19172',19172,'{\"19172\": \"Abe Dooley\"}','1976-08-16 20:30:30','2020-01-11 22:15:54'),(26,1,79,'https://dropbox/vk/file_9774',9774,'{\"9774\": \"Gage Bashirian\"}','1981-10-08 07:29:10','2020-01-11 22:15:54'),(27,3,11,'https://dropbox/vk/file_13296',13296,'{\"13296\": \"Alvah Schamberger\"}','1974-10-09 02:05:38','2020-01-11 22:15:54'),(28,3,64,'https://dropbox/vk/file_21711',21711,'{\"21711\": \"Cale Vandervort\"}','1976-05-24 04:19:04','2020-01-11 22:15:54'),(29,3,28,'https://dropbox/vk/file_29083',29083,'{\"29083\": \"Cristina Rippin\"}','1991-10-24 20:12:17','2020-01-11 22:15:54'),(30,3,54,'https://dropbox/vk/file_16348',16348,'{\"16348\": \"Tierra Kunze\"}','1980-06-22 04:26:11','2020-01-11 22:15:54'),(31,2,31,'https://dropbox/vk/file_16247',16247,'{\"16247\": \"Samara Blick\"}','1973-08-17 12:38:08','2020-01-11 22:15:54'),(32,1,7,'https://dropbox/vk/file_38018',38018,'{\"38018\": \"Aron Turcotte\"}','1975-04-21 19:18:27','2020-01-11 22:15:54'),(33,2,58,'https://dropbox/vk/file_20729',20729,'{\"20729\": \"Estella Goyette\"}','1984-11-07 17:27:37','2020-01-11 22:15:54'),(34,3,91,'https://dropbox/vk/file_9167',9167,'{\"9167\": \"Loyce Jacobson\"}','2017-01-17 12:23:13','2020-01-11 22:15:54'),(35,2,81,'https://dropbox/vk/file_36325',36325,'{\"36325\": \"Kianna White\"}','2008-09-13 03:44:49','2020-01-11 22:15:54'),(36,1,71,'https://dropbox/vk/file_32111',32111,'{\"32111\": \"Trey Legros\"}','2008-04-03 20:05:48','2020-01-11 22:15:54'),(37,3,69,'https://dropbox/vk/file_20385',20385,'{\"20385\": \"Brook Kuhic\"}','1981-07-10 04:53:04','2020-01-11 22:15:54'),(38,1,85,'https://dropbox/vk/file_36734',36734,'{\"36734\": \"Benton Jaskolski\"}','1971-11-12 16:40:48','2020-01-11 22:15:54'),(39,3,49,'https://dropbox/vk/file_32719',32719,'{\"32719\": \"Eryn Mayer\"}','2011-07-11 04:32:18','2020-01-11 22:15:54'),(40,1,26,'https://dropbox/vk/file_13808',13808,'{\"13808\": \"Johanna Parker\"}','1989-11-27 03:28:41','2020-01-11 22:15:54'),(41,1,33,'https://dropbox/vk/file_12077',12077,'{\"12077\": \"Suzanne Shields\"}','1998-06-29 03:57:13','2020-01-11 22:15:54'),(42,1,25,'https://dropbox/vk/file_14205',14205,'{\"14205\": \"Raoul Schneider\"}','1979-02-02 10:44:17','2020-01-11 22:15:54'),(43,2,2,'https://dropbox/vk/file_5821',5821,'{\"5821\": \"Mandy Zemlak\"}','2004-06-13 04:17:57','2020-01-11 22:15:54'),(44,3,23,'https://dropbox/vk/file_8975',8975,'{\"8975\": \"Margarett Auer\"}','2017-08-29 17:47:58','2020-01-11 22:15:54'),(45,1,63,'https://dropbox/vk/file_15403',15403,'{\"15403\": \"George Larson\"}','2016-02-06 06:40:24','2020-01-11 22:15:54'),(46,3,81,'https://dropbox/vk/file_13177',13177,'{\"13177\": \"Kianna White\"}','2002-08-26 17:26:43','2020-01-11 22:15:54'),(47,3,91,'https://dropbox/vk/file_10850',10850,'{\"10850\": \"Loyce Jacobson\"}','1981-12-04 15:11:10','2020-01-11 22:15:54'),(48,3,55,'https://dropbox/vk/file_10402',10402,'{\"10402\": \"Freda Armstrong\"}','1997-04-01 14:31:30','2020-01-11 22:15:54'),(49,2,86,'https://dropbox/vk/file_13204',13204,'{\"13204\": \"Elisa Littel\"}','2016-01-30 12:59:09','2020-01-11 22:15:54'),(50,2,94,'https://dropbox/vk/file_9647',9647,'{\"9647\": \"Jazlyn Collier\"}','2019-05-23 19:12:44','2020-01-11 22:15:54'),(51,2,69,'https://dropbox/vk/file_22567',22567,'{\"22567\": \"Brook Kuhic\"}','2001-11-14 03:18:24','2020-01-11 22:15:54'),(52,2,62,'https://dropbox/vk/file_23207',23207,'{\"23207\": \"Earl O\'Connell\"}','1994-01-26 14:52:34','2020-01-11 22:15:54'),(53,2,93,'https://dropbox/vk/file_29083',29083,'{\"29083\": \"Keeley Considine\"}','1976-11-02 17:36:07','2020-01-11 22:15:54'),(54,2,24,'https://dropbox/vk/file_23022',23022,'{\"23022\": \"Gaylord Boyer\"}','1991-05-03 03:51:58','2020-01-11 22:15:54'),(55,2,49,'https://dropbox/vk/file_2192',2192,'{\"2192\": \"Eryn Mayer\"}','1983-06-06 06:47:14','2020-01-11 22:15:54'),(56,2,70,'https://dropbox/vk/file_23364',23364,'{\"23364\": \"Henry Sporer\"}','1971-05-13 11:13:34','2020-01-11 22:15:54'),(57,3,54,'https://dropbox/vk/file_23570',23570,'{\"23570\": \"Tierra Kunze\"}','1993-01-20 18:32:51','2020-01-11 22:15:54'),(58,3,25,'https://dropbox/vk/file_530',530,'{\"530\": \"Raoul Schneider\"}','2009-10-31 16:23:26','2020-01-11 22:15:54'),(59,2,84,'https://dropbox/vk/file_13126',13126,'{\"13126\": \"Amara Gerlach\"}','2008-02-17 03:29:09','2020-01-11 22:15:54'),(60,2,84,'https://dropbox/vk/file_21863',21863,'{\"21863\": \"Amara Gerlach\"}','2005-08-29 05:16:29','2020-01-11 22:15:54'),(61,2,23,'https://dropbox/vk/file_3156',3156,'{\"3156\": \"Margarett Auer\"}','2001-10-29 12:37:55','2020-01-11 22:15:54'),(62,2,40,'https://dropbox/vk/file_7061',7061,'{\"7061\": \"Mafalda Beer\"}','1985-11-04 00:22:21','2020-01-11 22:15:54'),(63,1,52,'https://dropbox/vk/file_37797',37797,'{\"37797\": \"Erna Metz\"}','1992-11-20 19:16:27','2020-01-11 22:15:54'),(64,3,61,'https://dropbox/vk/file_15680',15680,'{\"15680\": \"Aniya Bogan\"}','2015-04-30 20:56:48','2020-01-11 22:15:54'),(65,2,39,'https://dropbox/vk/file_28613',28613,'{\"28613\": \"Arthur Beahan\"}','2000-03-25 11:01:02','2020-01-11 22:15:54'),(66,2,4,'https://dropbox/vk/file_1526',1526,'{\"1526\": \"Rick Parisian\"}','2000-10-09 07:38:15','2020-01-11 22:15:54'),(67,1,20,'https://dropbox/vk/file_37928',37928,'{\"37928\": \"Joe Luettgen\"}','1980-07-23 04:16:04','2020-01-11 22:15:54'),(68,2,43,'https://dropbox/vk/file_18547',18547,'{\"18547\": \"Daija Batz\"}','2011-07-20 22:28:08','2020-01-11 22:15:54'),(69,1,12,'https://dropbox/vk/file_16519',16519,'{\"16519\": \"Sarah Dare\"}','1987-03-24 01:49:14','2020-01-11 22:15:54'),(70,3,55,'https://dropbox/vk/file_15110',15110,'{\"15110\": \"Freda Armstrong\"}','1994-05-21 13:38:50','2020-01-11 22:15:54'),(71,2,17,'https://dropbox/vk/file_8790',8790,'{\"8790\": \"Magdalena Walsh\"}','1971-01-05 07:18:53','2020-01-11 22:15:54'),(72,1,42,'https://dropbox/vk/file_25211',25211,'{\"25211\": \"Bonnie Jacobi\"}','1993-08-14 19:08:41','2020-01-11 22:15:54'),(73,3,19,'https://dropbox/vk/file_11709',11709,'{\"11709\": \"Cornell Cormier\"}','1986-08-22 13:12:49','2020-01-11 22:15:54'),(74,2,26,'https://dropbox/vk/file_9671',9671,'{\"9671\": \"Johanna Parker\"}','1984-07-29 15:15:20','2020-01-11 22:15:54'),(75,1,14,'https://dropbox/vk/file_18811',18811,'{\"18811\": \"Kenny Ullrich\"}','1976-02-17 07:09:55','2020-01-11 22:15:54'),(76,1,49,'https://dropbox/vk/file_26560',26560,'{\"26560\": \"Eryn Mayer\"}','2016-11-23 19:36:09','2020-01-11 22:15:54'),(77,2,72,'https://dropbox/vk/file_18403',18403,'{\"18403\": \"Doug Kirlin\"}','1977-01-26 23:25:07','2020-01-11 22:15:54'),(78,3,50,'https://dropbox/vk/file_13652',13652,'{\"13652\": \"Lauren Tromp\"}','2014-03-13 06:45:42','2020-01-11 22:15:54'),(79,1,83,'https://dropbox/vk/file_28255',28255,'{\"28255\": \"Elouise Jenkins\"}','1986-05-31 01:02:01','2020-01-11 22:15:54'),(80,1,61,'https://dropbox/vk/file_36583',36583,'{\"36583\": \"Aniya Bogan\"}','1984-11-17 10:50:43','2020-01-11 22:15:54'),(81,1,66,'https://dropbox/vk/file_11984',11984,'{\"11984\": \"Meaghan Dicki\"}','1977-07-02 00:58:37','2020-01-11 22:15:54'),(82,2,28,'https://dropbox/vk/file_17867',17867,'{\"17867\": \"Cristina Rippin\"}','1977-04-18 22:00:18','2020-01-11 22:15:54'),(83,3,30,'https://dropbox/vk/file_8416',8416,'{\"8416\": \"Kurtis Jenkins\"}','1990-07-04 18:01:03','2020-01-11 22:15:54'),(84,3,98,'https://dropbox/vk/file_36251',36251,'{\"36251\": \"Jeff Little\"}','1994-01-13 20:47:14','2020-01-11 22:15:54'),(85,2,38,'https://dropbox/vk/file_23766',23766,'{\"23766\": \"Gabe Lueilwitz\"}','2009-12-13 19:09:49','2020-01-11 22:15:54'),(86,2,1,'https://dropbox/vk/file_30303',30303,'{\"30303\": \"Gage Dickinson\"}','1977-06-27 03:05:59','2020-01-11 22:15:54'),(87,2,76,'https://dropbox/vk/file_7458',7458,'{\"7458\": \"Will Swift\"}','1995-12-25 19:56:59','2020-01-11 22:15:54'),(88,2,25,'https://dropbox/vk/file_38381',38381,'{\"38381\": \"Raoul Schneider\"}','1986-01-10 13:48:23','2020-01-11 22:15:54'),(89,3,9,'https://dropbox/vk/file_26576',26576,'{\"26576\": \"Jodie Funk\"}','1983-11-30 04:07:12','2020-01-11 22:15:54'),(90,2,97,'https://dropbox/vk/file_18212',18212,'{\"18212\": \"Hermina Yundt\"}','1998-09-05 10:54:14','2020-01-11 22:15:54'),(91,1,58,'https://dropbox/vk/file_9992',9992,'{\"9992\": \"Estella Goyette\"}','2014-02-09 23:39:45','2020-01-11 22:15:54'),(92,2,59,'https://dropbox/vk/file_11763',11763,'{\"11763\": \"Maximus Paucek\"}','1973-08-26 06:32:57','2020-01-11 22:15:54'),(93,1,34,'https://dropbox/vk/file_34138',34138,'{\"34138\": \"Bonita DuBuque\"}','2001-06-25 19:54:59','2020-01-11 22:15:54'),(94,1,53,'https://dropbox/vk/file_12311',12311,'{\"12311\": \"Austen Daniel\"}','1980-04-30 08:58:03','2020-01-11 22:15:54'),(95,1,19,'https://dropbox/vk/file_21463',21463,'{\"21463\": \"Cornell Cormier\"}','2014-02-08 17:01:05','2020-01-11 22:15:54'),(96,1,37,'https://dropbox/vk/file_2572',2572,'{\"2572\": \"Reba Herman\"}','2013-12-14 05:30:58','2020-01-11 22:15:54'),(97,3,77,'https://dropbox/vk/file_22672',22672,'{\"22672\": \"Aliya Dare\"}','1986-01-23 17:34:56','2020-01-11 22:15:54'),(98,2,69,'https://dropbox/vk/file_5994',5994,'{\"5994\": \"Brook Kuhic\"}','2013-12-16 15:21:51','2020-01-11 22:15:54'),(99,1,35,'https://dropbox/vk/file_36960',36960,'{\"36960\": \"Jimmy Batz\"}','1984-05-10 15:33:22','2020-01-11 22:15:54'),(100,2,47,'https://dropbox/vk/file_31434',31434,'{\"31434\": \"Shane Romaguera\"}','1977-10-15 20:54:05','2020-01-11 22:15:54');
/*!40000 ALTER TABLE `media` ENABLE KEYS */;
UNLOCK TABLES;

--
-- Table structure for table `media_types`
--

DROP TABLE IF EXISTS `media_types`;
/*!40101 SET @saved_cs_client     = @@character_set_client */;
/*!50503 SET character_set_client = utf8mb4 */;
CREATE TABLE `media_types` (
  `id` int(10) unsigned NOT NULL AUTO_INCREMENT,
  `name` varchar(255) CHARACTER SET utf8 COLLATE utf8_unicode_ci NOT NULL,
  PRIMARY KEY (`id`),
  UNIQUE KEY `name` (`name`)
) ENGINE=InnoDB AUTO_INCREMENT=4 DEFAULT CHARSET=utf8 COLLATE=utf8_unicode_ci;
/*!40101 SET character_set_client = @saved_cs_client */;

--
-- Dumping data for table `media_types`
--

LOCK TABLES `media_types` WRITE;
/*!40000 ALTER TABLE `media_types` DISABLE KEYS */;
INSERT INTO `media_types` VALUES (3,'audio'),(1,'photo'),(2,'video');
/*!40000 ALTER TABLE `media_types` ENABLE KEYS */;
UNLOCK TABLES;

--
-- Table structure for table `meetings`
--

DROP TABLE IF EXISTS `meetings`;
/*!40101 SET @saved_cs_client     = @@character_set_client */;
/*!50503 SET character_set_client = utf8mb4 */;
CREATE TABLE `meetings` (
  `id` int(10) unsigned NOT NULL AUTO_INCREMENT,
  `name` varchar(150) CHARACTER SET utf8 COLLATE utf8_unicode_ci NOT NULL,
  `scheduled_at` datetime DEFAULT NULL,
  PRIMARY KEY (`id`),
  UNIQUE KEY `name` (`name`)
) ENGINE=InnoDB AUTO_INCREMENT=101 DEFAULT CHARSET=utf8 COLLATE=utf8_unicode_ci;
/*!40101 SET character_set_client = @saved_cs_client */;

--
-- Dumping data for table `meetings`
--

LOCK TABLES `meetings` WRITE;
/*!40000 ALTER TABLE `meetings` DISABLE KEYS */;
INSERT INTO `meetings` VALUES (1,'sit','1999-09-21 10:42:52'),(2,'ex','2015-06-28 14:57:43'),(3,'ratione','1976-03-22 12:09:24'),(4,'ad','1976-01-29 09:05:37'),(5,'voluptate','1981-01-23 09:24:07'),(6,'ut','1972-06-02 10:23:38'),(7,'ea','2008-04-16 03:39:07'),(8,'eos','2002-01-17 08:39:43'),(9,'enim','1998-10-11 16:56:53'),(10,'corporis','2018-03-17 05:39:04'),(11,'dolor','1996-10-22 23:55:02'),(12,'laboriosam','2018-06-16 11:31:05'),(13,'id','2000-03-27 01:59:41'),(14,'nisi','2017-09-16 18:54:23'),(15,'et','2002-01-02 08:29:56'),(16,'sed','1993-03-05 12:46:14'),(17,'dignissimos','1997-12-07 01:12:59'),(18,'cumque','1971-02-12 07:08:08'),(19,'sunt','1997-09-03 15:12:32'),(20,'fuga','1984-12-31 22:56:06'),(21,'recusandae','2008-04-19 02:35:55'),(22,'est','2001-12-04 04:39:35'),(23,'quo','1991-02-15 20:22:44'),(24,'nam','2019-08-29 04:31:20'),(25,'voluptas','2009-11-26 15:54:01'),(26,'consequuntur','1993-12-24 09:12:19'),(27,'dolore','1995-05-05 22:53:27'),(28,'aliquid','1991-12-11 04:09:42'),(29,'ab','1977-10-05 18:48:21'),(30,'temporibus','1973-03-27 03:24:46'),(31,'voluptatem','1973-01-18 16:25:52'),(32,'delectus','2002-12-18 08:05:11'),(33,'aut','2014-12-21 19:38:06'),(34,'quia','2011-07-14 20:27:25'),(35,'nostrum','1997-03-30 23:33:49'),(36,'adipisci','2017-05-26 01:13:01'),(37,'iure','1995-08-05 09:37:57'),(38,'natus','1995-01-18 02:44:22'),(39,'consequatur','1984-10-24 09:30:41'),(40,'repellendus','1989-04-28 23:00:07'),(41,'exercitationem','2016-10-12 08:11:02'),(42,'inventore','1997-07-11 07:52:35'),(43,'dolores','1979-01-17 05:48:10'),(44,'illo','1982-11-19 03:14:36'),(45,'veritatis','1989-11-20 23:59:58'),(46,'incidunt','2019-03-06 11:36:19'),(47,'porro','1995-06-07 14:55:00'),(48,'in','1982-06-09 08:50:30'),(49,'laudantium','1972-11-24 03:46:12'),(50,'nihil','1991-09-10 01:07:41'),(51,'fugiat','1986-07-12 16:23:58'),(52,'omnis','1994-09-12 01:02:31'),(53,'amet','1971-02-19 19:31:17'),(54,'dolorum','1987-04-10 03:00:41'),(55,'qui','1995-07-11 23:08:34'),(56,'eaque','2013-09-08 03:27:38'),(57,'odio','1972-02-18 14:52:28'),(58,'non','1980-01-21 02:14:10'),(59,'ipsa','2010-01-11 01:59:18'),(60,'at','2005-02-04 23:35:12'),(61,'excepturi','1986-03-04 09:22:07'),(62,'accusamus','1979-09-13 22:08:06'),(63,'eius','2003-01-21 10:00:29'),(64,'quis','2006-05-21 15:30:15'),(65,'ullam','1985-07-07 16:32:07'),(66,'repellat','1987-12-22 11:29:26'),(67,'magni','2006-01-10 00:09:50'),(68,'nesciunt','1999-11-21 04:08:09'),(69,'rerum','1982-12-10 16:51:53'),(70,'minus','2018-03-16 18:36:38'),(71,'maiores','1983-04-30 04:43:40'),(72,'doloremque','1981-12-06 10:36:16'),(73,'neque','2014-03-22 19:27:52'),(74,'autem','1978-04-18 04:41:26'),(75,'illum','1989-06-21 07:27:00'),(76,'voluptatum','1976-03-06 15:02:41'),(77,'sint','1996-12-29 06:32:43'),(78,'sapiente','2000-04-24 15:09:08'),(79,'quod','1970-07-08 21:45:32'),(80,'culpa','1996-12-29 10:55:51'),(81,'a','1994-12-12 01:00:49'),(82,'nemo','2014-12-31 04:27:37'),(83,'iusto','1983-10-21 18:06:31'),(84,'placeat','1986-02-26 16:52:56'),(85,'occaecati','2006-06-01 15:58:41'),(86,'fugit','1970-06-21 15:29:03'),(87,'eum','1983-09-02 12:25:49'),(88,'mollitia','2016-03-31 18:56:11'),(89,'explicabo','2014-08-07 11:23:50'),(90,'alias','1974-09-17 07:25:43'),(91,'magnam','1992-10-19 01:01:59'),(92,'repudiandae','1984-04-08 16:27:24'),(93,'corrupti','1993-04-19 19:11:38'),(94,'hic','2005-06-15 06:07:55'),(95,'distinctio','2014-05-28 22:09:25'),(96,'vel','1973-12-15 05:32:48'),(97,'officiis','1989-03-14 06:47:56'),(98,'beatae','2010-03-02 05:16:05'),(99,'dicta','1999-05-27 02:31:21'),(100,'vitae','1989-08-08 10:04:21');
/*!40000 ALTER TABLE `meetings` ENABLE KEYS */;
UNLOCK TABLES;

--
-- Table structure for table `messages`
--

DROP TABLE IF EXISTS `messages`;
/*!40101 SET @saved_cs_client     = @@character_set_client */;
/*!50503 SET character_set_client = utf8mb4 */;
CREATE TABLE `messages` (
  `id` int(10) unsigned NOT NULL AUTO_INCREMENT,
  `from_user_id` int(10) unsigned NOT NULL,
  `to_user_id` int(10) unsigned NOT NULL,
  `body` text CHARACTER SET utf8 COLLATE utf8_unicode_ci NOT NULL,
  `is_important` tinyint(1) DEFAULT NULL,
  `is_delivered` tinyint(1) DEFAULT NULL,
  `created_at` datetime DEFAULT CURRENT_TIMESTAMP,
  PRIMARY KEY (`id`)
) ENGINE=InnoDB AUTO_INCREMENT=101 DEFAULT CHARSET=utf8 COLLATE=utf8_unicode_ci;
/*!40101 SET character_set_client = @saved_cs_client */;

--
-- Dumping data for table `messages`
--

LOCK TABLES `messages` WRITE;
/*!40000 ALTER TABLE `messages` DISABLE KEYS */;
INSERT INTO `messages` VALUES (1,4,69,'Voluptatem libero sit possimus quasi itaque. Molestiae aliquam maiores ea et. A optio fugiat aliquam quam officia sit sit. A ea et quis qui.',0,1,'1996-11-27 03:49:32'),(2,89,10,'Accusantium non qui aut dolorem dicta. Rerum perferendis vitae vel quasi voluptatibus vero est aliquam. Sint velit praesentium quia ea fugiat blanditiis dolorum. Provident est sed impedit dolores aliquam. Totam aut numquam at dolorem consequatur tempore placeat.',1,0,'2010-09-30 08:29:52'),(3,88,88,'Quia id enim quia a fugiat quis. Perspiciatis facere qui et assumenda omnis. Minima rem temporibus aperiam non ut dolores neque sequi. Numquam enim sunt omnis nobis.',0,1,'2002-04-28 23:11:12'),(4,22,1,'Quibusdam voluptates quibusdam veniam culpa esse. Enim nihil eos consequuntur eius consectetur accusamus. Quaerat itaque incidunt magnam officiis ipsam deleniti. Commodi iure sed accusamus saepe.',1,1,'1983-11-18 23:33:40'),(5,46,17,'Repellat quia non doloremque laborum necessitatibus aliquid vel. Natus aut quis molestiae deserunt.',1,0,'1992-11-03 03:01:15'),(6,67,97,'Nulla praesentium commodi sit pariatur dolores consequatur. Minus nam sapiente animi est saepe. Voluptas autem ea totam occaecati nisi.',1,0,'1998-01-01 17:57:59'),(7,8,42,'Incidunt laudantium velit et repellendus necessitatibus. Rerum quasi consequuntur et libero error a facere. Velit repudiandae aut et dolorem nemo. Cupiditate adipisci adipisci voluptatem vitae voluptate et.',0,1,'2001-11-15 17:54:45'),(8,57,86,'Vel voluptatem provident cupiditate et ex. Voluptas odit dolores sunt omnis illum.',0,0,'1985-05-29 18:47:25'),(9,53,8,'Et sapiente blanditiis dignissimos pariatur. Provident sit natus delectus consequuntur in et. Placeat sunt qui optio est rem veritatis aut animi. Impedit quisquam non quos harum perspiciatis occaecati.',0,0,'1996-08-03 16:38:07'),(10,99,50,'Voluptatibus temporibus maiores officia cupiditate dolor autem numquam. Magnam quis consequuntur ex perferendis odio maxime pariatur. Quia dolores et rerum est sit.',0,0,'2018-12-24 00:56:17'),(11,99,55,'Ex aspernatur nemo qui iusto. Itaque non qui odit. Totam atque illo quia et et temporibus expedita.',1,0,'1996-04-30 08:03:27'),(12,64,10,'Commodi fugit perferendis non error. Rerum et a nihil voluptates dicta. Fuga tenetur iste temporibus id veniam exercitationem voluptas. Aliquam impedit commodi et et possimus rerum.',0,1,'2016-02-11 05:56:09'),(13,45,6,'Facere totam atque voluptatem animi. Excepturi debitis laborum incidunt suscipit tempore sed. Fugit a unde et quidem voluptatem sunt. Iste voluptatem libero nisi delectus eaque.',1,0,'1993-10-25 10:11:11'),(14,30,72,'Recusandae consequatur perferendis et beatae. Maiores ratione at odit. Omnis dolores repellat unde modi similique. Cupiditate suscipit iure in ut quo ut cum.',0,0,'1977-08-07 11:16:08'),(15,99,58,'Ut quidem vel eveniet sint magnam. Perspiciatis earum est sed. Dolorem in sit et quia.',0,0,'1976-05-25 11:26:47'),(16,86,3,'Commodi distinctio debitis alias ex nisi. Necessitatibus iste eum optio consequatur dolores voluptatem. Aperiam rerum qui dolores ex.',0,1,'1997-07-29 15:32:09'),(17,27,74,'Consequatur perferendis quam placeat dolorem minus. Veritatis iure consequuntur quidem facere. At eius facilis est ab enim eos.',1,1,'2017-11-08 09:17:33'),(18,13,15,'Molestiae incidunt quibusdam in et ut. Possimus at vitae minima non quo autem. Voluptas sit enim non reiciendis eaque consequatur minus magni.',0,1,'1972-08-03 04:14:50'),(19,62,34,'Nihil reprehenderit cumque eum nam et id. Officia sit autem doloribus odit. Et laudantium asperiores quisquam ut numquam dolor. Porro possimus deserunt neque omnis. Et dolor ipsam eveniet nihil dolores et.',1,1,'2010-08-24 19:42:31'),(20,15,7,'Sunt fuga est est consectetur earum cumque ab. Repellat nobis recusandae aut molestiae et eos iste. In sed voluptatem accusamus et.',1,1,'1998-06-23 20:38:06'),(21,50,82,'Dolor facere itaque omnis saepe eaque eveniet consequuntur deleniti. Voluptatem molestiae ipsam cum soluta officia. Officia tempore error est pariatur.',0,1,'2000-03-26 01:19:51'),(22,4,58,'Repellendus hic in vero. Tempore consequuntur iure tempora autem ea omnis voluptatibus. Sint nostrum voluptas iure earum inventore unde accusantium sed. Quisquam ut magnam ipsa a reiciendis consequatur quia et.',1,0,'2018-02-12 15:35:52'),(23,24,60,'Et molestias laudantium est quia. Ea voluptatem modi ipsa nobis perferendis error. Sed itaque sint velit. Quo iste autem beatae laboriosam dicta. Quia praesentium reiciendis cumque deserunt nostrum.',0,1,'1975-06-03 16:25:42'),(24,43,76,'Reprehenderit necessitatibus est rerum. Sit aut aspernatur cum voluptatem. Necessitatibus quo minus accusantium ratione.',1,1,'1982-12-17 23:00:37'),(25,68,42,'Molestiae voluptate sapiente rem quia. Eius quo velit quas quaerat consequatur est aspernatur. Cum suscipit sapiente qui eveniet non. Qui quos velit consequatur et culpa molestiae.',1,1,'1996-06-09 08:42:05'),(26,26,66,'Consequatur qui placeat ad dolorem. Sit rem eum libero atque culpa cumque quo eos. Nulla atque suscipit et distinctio voluptas. Voluptatem non aut officia.',0,0,'1987-07-29 03:59:47'),(27,96,89,'Omnis qui totam esse. Voluptatum eligendi et suscipit laudantium. Possimus voluptatum minima in dolor ea et est velit. Et nam dolores tempora est quidem ipsum.',1,0,'1970-03-30 08:06:09'),(28,76,41,'Voluptatem excepturi iusto vitae voluptatibus unde ut et. Doloribus ut voluptas dolorum culpa expedita et. Repudiandae consectetur autem eius quidem. Autem similique repellat aut deserunt.',1,0,'2016-01-10 13:20:38'),(29,95,5,'Et unde et et. Commodi nihil aut nihil dolorum. Nostrum est deleniti quo culpa cum voluptatibus itaque. Molestias officia non accusamus ut repudiandae ut.',0,1,'1986-05-17 17:11:44'),(30,12,93,'Voluptas et et laborum id dolor sit eos numquam. Velit iure nostrum libero sed. Ut quidem architecto ab quam quidem eos aut.',1,1,'2018-11-19 06:58:45'),(31,63,97,'Expedita blanditiis voluptas voluptate quibusdam rerum asperiores sunt veritatis. Ab voluptatem blanditiis exercitationem laboriosam voluptatibus dolor quae minus. Quae sed et non sequi laboriosam dolorem dolorem. Voluptatem minus et ratione voluptate fugiat tenetur et.',1,1,'1981-01-05 18:25:57'),(32,96,90,'Eveniet est molestiae similique tempora voluptatibus itaque qui accusamus. Voluptatum consequuntur facere occaecati similique. Natus odit eos aut quasi aspernatur qui consequatur.',1,1,'1977-02-19 21:10:05'),(33,71,8,'Illum atque doloremque sed itaque enim ut iure. Harum assumenda rerum perspiciatis aperiam labore omnis. Id cumque modi accusamus ea. Est deleniti ut debitis odio voluptates soluta officia.',1,0,'1988-07-21 07:11:39'),(34,4,32,'Libero blanditiis aut voluptatem. Vel qui autem est et facilis. Aliquam sit corrupti placeat et vero.',0,0,'1999-07-20 12:32:23'),(35,42,19,'Quaerat sit dolor possimus at. Omnis repellat consequatur mollitia earum eum quis.',1,1,'1996-04-02 22:43:48'),(36,39,91,'Quaerat voluptas est esse dolores officia omnis molestiae. Quis quis eaque error quo at. Soluta autem et maxime voluptatibus suscipit. Aut necessitatibus nostrum ut et in vel repellat sunt.',1,0,'1984-07-04 11:53:52'),(37,100,42,'Aut rerum reprehenderit pariatur ullam accusamus quia consequatur. Autem a ea vitae eum at. Minima repudiandae sequi officiis soluta expedita.',1,0,'1992-02-22 11:31:57'),(38,49,24,'Assumenda aut rem dolorem consequatur adipisci. Quasi reiciendis officia quae libero voluptates ut voluptas. Voluptatem dicta et quis.',0,1,'1995-03-05 15:46:56'),(39,2,92,'Repellat maiores incidunt ipsam voluptatem aperiam consequatur est. Voluptatem rerum nihil illum vero ut. Ea voluptatem voluptas consequatur et aut occaecati recusandae. Modi perferendis maxime reprehenderit eius aliquam.',0,0,'1986-08-02 10:55:03'),(40,99,70,'Perferendis dolorum est laudantium quasi tempore. Sit earum rem vitae et. Inventore reiciendis porro cupiditate laborum tempora aut omnis qui.',1,0,'2002-02-19 05:34:07'),(41,33,25,'Nihil esse voluptatibus repellat tenetur voluptas. Exercitationem nam commodi velit quaerat alias.',0,1,'1981-09-22 14:53:42'),(42,36,29,'Ut ratione corporis eaque et neque. Ut dolorum minus molestiae nihil dicta consequatur explicabo. Temporibus temporibus incidunt sint. Iure atque non omnis. Nihil ut cumque blanditiis molestiae illo totam saepe.',0,1,'1992-04-14 17:40:24'),(43,13,11,'Dolorem eos est nisi voluptatem modi autem consequatur dignissimos. Mollitia enim est nemo debitis temporibus inventore consectetur.',0,0,'1985-09-14 23:25:53'),(44,69,7,'Libero nemo nostrum beatae molestiae consequuntur eum. Ab sunt quisquam pariatur laudantium et repellat. Sint qui nihil eveniet quibusdam voluptate nisi sequi.',1,1,'1988-05-13 21:03:03'),(45,16,81,'Qui facere alias beatae repellat numquam maiores necessitatibus. Quae beatae quos doloremque ut adipisci dolores quo. Dolor quibusdam error ad molestiae.',0,1,'2000-07-06 00:39:08'),(46,100,79,'Dicta ad eveniet dolores qui autem. Qui maxime ut nesciunt repellendus debitis voluptate. Velit nobis odio id placeat et omnis dolores. Voluptas delectus sit culpa dolores adipisci molestias.',0,1,'2004-01-16 22:08:18'),(47,78,96,'Ut quaerat sint ipsam numquam necessitatibus alias harum. Tenetur rem cupiditate enim consequatur soluta eum. Voluptates excepturi nesciunt aliquam ullam. Perferendis delectus voluptatem aperiam doloremque est.',0,0,'1973-08-14 11:21:35'),(48,68,48,'Laudantium quia debitis molestias accusamus. Repellat omnis est saepe. In vero et laudantium harum tempora architecto. Illum est velit exercitationem eaque soluta. Maxime atque repellat quaerat magni eligendi ipsum vitae quisquam.',0,1,'2011-05-07 02:59:33'),(49,3,71,'Voluptatem a iure nihil eum ut pariatur voluptatem. Repudiandae iure fuga aperiam aut. Placeat accusamus omnis dolor laborum. Voluptatem non minima quidem sequi minima voluptatem minima unde. Quia voluptatem quis voluptas.',0,0,'1971-01-05 05:04:14'),(50,80,45,'Alias adipisci ut voluptates quo ut. Tenetur eum quasi ducimus reprehenderit sed quia et.',1,0,'2017-04-04 21:14:24'),(51,89,18,'Magnam nemo a voluptatem quos autem beatae illo. Dicta suscipit voluptas libero aut minus enim sunt. Dignissimos ipsa mollitia repellat sit quisquam quasi tenetur.',0,1,'2001-07-25 18:17:07'),(52,36,89,'Quo sequi sapiente assumenda deserunt. Dolorem dolore velit cupiditate est. Iure illum vitae qui reiciendis nihil sed unde optio.',1,0,'2017-11-30 03:05:25'),(53,60,84,'Molestiae ipsam consequuntur laudantium et rerum. Ut ducimus animi adipisci delectus. Beatae et soluta ut modi.',1,0,'2008-01-26 02:33:55'),(54,13,62,'Aperiam qui omnis voluptatem aspernatur necessitatibus voluptas. Et praesentium hic perferendis similique ut. Illo nihil ea sequi et labore et beatae. Nobis molestiae voluptatem expedita nemo asperiores sit itaque est.',1,0,'1979-05-31 10:19:02'),(55,76,11,'Ipsam nostrum consequuntur impedit repellendus et quia. A non accusantium sint est asperiores sequi ut. Qui voluptate facilis optio autem corrupti similique. Laborum qui distinctio voluptatem maxime quia adipisci eum.',0,1,'2004-10-25 00:37:47'),(56,31,8,'Perspiciatis harum velit qui ipsum iste doloribus. Possimus aliquam vel accusantium minima est. Aut doloribus non qui.',1,0,'1985-08-24 17:43:24'),(57,36,66,'Totam sint dicta odio. A velit fugiat aut quae. Est quisquam optio beatae omnis.',1,0,'1998-09-15 01:26:26'),(58,37,49,'Occaecati et soluta cumque tempora eligendi ut. Sed quam quia qui et. Omnis ducimus laudantium est quam ut officia mollitia ipsum. Corporis et ut impedit velit.',1,0,'1999-02-06 11:28:10'),(59,77,6,'Fuga earum optio qui nihil molestias nam. Reiciendis reiciendis velit aperiam aut.',1,0,'2015-12-06 20:31:58'),(60,56,92,'Ratione consequatur quia ex magni consequatur. Est ad debitis maxime perferendis. Rerum ipsam repudiandae et totam.',1,1,'2008-07-16 15:25:36'),(61,86,56,'Occaecati officiis quibusdam quo est neque beatae voluptatibus corporis. Voluptate dolor sit et. Odio est et soluta est dolore.',1,0,'1974-06-23 06:08:47'),(62,71,63,'Natus ab quod quae eveniet saepe. Aut repellat sed adipisci qui sed libero aut.',1,0,'1975-04-05 13:26:07'),(63,51,38,'Quo fugiat ut velit. Amet natus libero corporis similique rerum doloremque. Quisquam eligendi quia libero sit non. Molestiae ea totam quis eos a qui.',0,1,'2010-02-02 20:40:48'),(64,11,54,'Aut omnis nobis at temporibus unde. Ut molestiae aut sunt natus.',0,0,'2018-02-15 11:44:50'),(65,8,91,'Voluptas excepturi iusto officia natus explicabo. Et quos voluptatem aut temporibus magnam vel maxime inventore. Maiores qui ut quis dolor sit vitae.',1,0,'1993-07-16 06:37:53'),(66,98,97,'Aut veritatis reiciendis quo dicta ea. Qui dignissimos doloribus nisi magni. Sit consequatur qui aut inventore accusantium.',0,1,'2010-07-28 18:52:37'),(67,9,33,'Cumque qui ratione rem earum maiores. Soluta quisquam dolor tenetur error. Voluptatem odit quaerat suscipit molestiae inventore ex.',1,0,'2012-02-17 12:45:30'),(68,86,68,'Facere quo asperiores est dolorem omnis in. Repudiandae et quia fugit assumenda. Voluptas reprehenderit velit ipsa magnam odio minima voluptatum.',1,0,'1975-05-28 16:34:33'),(69,17,98,'Est ut quisquam et omnis tempore. Ratione et cumque cum enim voluptates. Placeat consequatur sequi distinctio unde. Debitis eveniet veritatis non quod repellat quod itaque consequatur.',0,1,'1991-07-23 14:05:58'),(70,30,92,'Sint quo rerum et enim est doloremque. Ipsum eum fugiat eius numquam necessitatibus cumque cumque. Saepe qui fugit harum.',1,1,'1992-05-28 14:32:09'),(71,9,61,'Ipsum aliquid sit eaque blanditiis excepturi est. Vero corporis est quos error id. Nemo itaque quia recusandae. Aut perferendis delectus minima.',0,0,'2005-01-12 17:04:31'),(72,100,44,'Doloribus fuga et itaque voluptate ut. Quia quis aut vel sunt aut aut. Et qui facere reprehenderit consectetur alias et architecto. Ut vitae ut praesentium voluptatem.',1,0,'1978-02-22 02:18:16'),(73,27,36,'Voluptatem repellendus labore unde et quam et enim. Repellendus quod assumenda aut voluptas accusamus consectetur voluptates. Consectetur sapiente alias qui qui. Ut minima iusto eveniet dolor.',0,1,'1970-11-27 20:28:41'),(74,93,4,'Quidem distinctio dignissimos consequatur est ut. Rerum atque tenetur voluptatem aut autem deleniti modi eveniet. Laboriosam est voluptas adipisci. Voluptates aut provident ducimus. Placeat minus consectetur dolores quo impedit in et.',0,0,'2016-03-21 12:12:31'),(75,41,48,'Tenetur necessitatibus sunt ex est molestiae. Beatae dolor non eos natus quidem necessitatibus doloribus. Neque cupiditate et illo neque impedit quis consequatur ut. Quia delectus mollitia neque enim non possimus asperiores voluptas.',0,0,'1980-01-09 15:23:13'),(76,96,27,'Et rerum itaque non et veritatis explicabo dolorum eum. Laborum consequatur maxime voluptas qui magni. Quo adipisci quae atque praesentium accusantium rem.',1,1,'2012-10-06 13:05:19'),(77,3,66,'Dolor ducimus eveniet eaque ut ducimus laudantium. Natus voluptates labore numquam quis et est enim iste. Dolorem qui dicta sint atque iste eligendi. Hic ad aliquid ut sunt ex.',1,1,'1989-07-26 20:18:45'),(78,90,54,'Molestias ut omnis est adipisci perferendis aut. Dolor accusamus totam et nihil doloremque quia sapiente quas. Praesentium quod sint facilis et.',1,0,'1992-03-12 12:15:03'),(79,3,1,'Ipsa nobis neque voluptas incidunt quisquam dignissimos ratione corrupti. Nam aliquam iste illum praesentium aut eos nostrum. Sed facilis minima vitae officiis nemo. Voluptatum quos non ipsam animi nobis ipsam dignissimos.',1,1,'1970-12-18 13:39:54'),(80,7,11,'Ut veniam et tempora similique nihil. Expedita magnam quisquam cupiditate voluptate pariatur. Qui dolorem et aut cum.',0,1,'1989-05-06 02:56:46'),(81,91,4,'Esse atque perferendis voluptatem. Asperiores non illum perspiciatis quis. Sit nostrum eligendi asperiores autem vel.',1,1,'1991-08-17 01:22:55'),(82,7,99,'Veritatis at amet corporis quia qui. Necessitatibus optio esse in qui. Saepe voluptatibus deleniti eveniet non blanditiis pariatur ut.',1,0,'2009-07-01 15:10:35'),(83,37,93,'Consequatur non assumenda maxime error aspernatur rerum quia. Culpa dignissimos quasi quo odit. Voluptates ab temporibus facilis in nulla deleniti.',1,0,'1973-03-12 17:36:16'),(84,67,53,'Maiores cum asperiores sint vero. Aut incidunt velit fuga. Aspernatur omnis natus nulla aut repudiandae.',1,0,'2000-02-17 19:21:16'),(85,90,97,'Quae in sit enim est beatae. Aut eos molestiae occaecati dolores minus. Distinctio velit minima deserunt dolor et sed. Sint quos maiores minus eum occaecati.',0,0,'2006-01-05 01:50:51'),(86,45,99,'Cupiditate inventore et recusandae nobis dolores velit aut. Voluptatem hic accusantium blanditiis quos dolorum quo et. Eos quis odit illum quaerat cumque aut dolor. Ex atque voluptas est harum. Rerum et perspiciatis nesciunt aut rerum nam rerum.',0,1,'1996-02-03 15:44:28'),(87,57,44,'Sunt magnam optio est ut porro. Provident dolor quibusdam tenetur aut voluptas architecto. Ad hic excepturi sed aut. Eligendi et ducimus sapiente eligendi delectus omnis est.',1,0,'2016-02-13 07:33:12'),(88,43,84,'Rerum facere est fugit et eaque. Dolor voluptas maiores hic sit ut at suscipit odio. At sapiente at eligendi dolores sapiente voluptatibus. Suscipit nihil recusandae in minus maiores.',1,0,'1999-05-28 01:26:10'),(89,79,35,'Fuga quidem ut repudiandae et. A atque rerum minus ad. Quisquam consequuntur ullam tenetur aperiam.',1,0,'1975-04-10 10:04:51'),(90,87,20,'Sed repudiandae quaerat voluptatem assumenda consectetur et dolor. Velit ullam non perferendis odit sed. Et fuga qui doloribus accusamus nulla magni cupiditate. Eum assumenda tenetur rerum eligendi autem.',0,0,'2009-06-08 21:36:45'),(91,82,82,'Quas qui sit iste officia velit. Est provident quibusdam est unde natus quae. Doloremque assumenda nisi eum minus.',0,0,'2004-02-09 00:08:21'),(92,47,85,'Quia qui laboriosam consectetur veniam. Blanditiis aut veritatis nostrum ea distinctio culpa. Nulla qui nemo voluptate soluta corrupti voluptatem. Rem sint quis ad eveniet.',0,1,'1975-08-22 15:48:50'),(93,47,36,'Molestiae sunt quo magni debitis maiores quia delectus id. Praesentium totam doloremque molestias quidem consequatur possimus id harum. Omnis incidunt ex consequuntur.',1,1,'1991-12-17 06:52:23'),(94,38,49,'Velit nisi ratione provident et pariatur maxime. Rerum sed quo perspiciatis qui qui. Magni nam ipsum eaque. Alias cum omnis eaque omnis.',0,0,'2018-02-28 22:34:08'),(95,37,44,'Ducimus quia fugit vel tempore odit et. Quae voluptatem totam quia corporis consequatur ut molestias. Sed delectus odit quaerat eos minima accusantium totam accusamus. Incidunt eum alias eos asperiores quam ipsam sit culpa.',1,1,'2008-07-30 07:17:48'),(96,59,27,'Voluptatem voluptas praesentium quam eveniet. Placeat voluptatem quia et et. Ea vero similique beatae et.',1,1,'2019-05-24 14:27:04'),(97,48,66,'Aut beatae sapiente quam id hic voluptatem est et. Qui minus dolores animi qui voluptas est. Totam porro temporibus id ducimus fugiat. Eos vitae quas est eligendi corporis quis et. Aliquid voluptas nihil officiis facilis quisquam.',1,1,'1994-03-23 21:11:55'),(98,25,84,'Qui esse quam officiis dolorem. Eum voluptatem possimus magnam ipsum ducimus excepturi. Molestiae laudantium saepe quisquam sunt omnis et. Iste modi ipsum dolorum possimus expedita.',1,1,'1989-05-23 16:26:19'),(99,59,92,'Consequatur placeat magnam quas. Qui et dicta blanditiis nostrum. Velit sapiente magnam consequuntur eligendi odio. Omnis voluptas asperiores quo rerum ut quia.',1,1,'2013-06-01 05:28:41'),(100,37,48,'Nisi facilis enim quod consequatur consequatur. Quo et veniam deserunt dignissimos consequatur voluptate. Nulla et et nulla dicta perspiciatis sit. Sunt recusandae nisi pariatur natus voluptas earum vitae aut.',1,1,'2009-01-17 15:53:57');
/*!40000 ALTER TABLE `messages` ENABLE KEYS */;
UNLOCK TABLES;

--
-- Table structure for table `posts`
--

DROP TABLE IF EXISTS `posts`;
/*!40101 SET @saved_cs_client     = @@character_set_client */;
/*!50503 SET character_set_client = utf8mb4 */;
CREATE TABLE `posts` (
  `id` int(10) unsigned NOT NULL AUTO_INCREMENT,
  `user_id` int(10) unsigned NOT NULL,
  `body` text CHARACTER SET utf8 COLLATE utf8_unicode_ci NOT NULL,
  `media_id` int(10) unsigned DEFAULT NULL,
  `created_at` datetime DEFAULT CURRENT_TIMESTAMP,
  `updated_at` datetime DEFAULT CURRENT_TIMESTAMP ON UPDATE CURRENT_TIMESTAMP,
  PRIMARY KEY (`id`)
) ENGINE=InnoDB AUTO_INCREMENT=101 DEFAULT CHARSET=utf8 COLLATE=utf8_unicode_ci;
/*!40101 SET character_set_client = @saved_cs_client */;

--
-- Dumping data for table `posts`
--

LOCK TABLES `posts` WRITE;
/*!40000 ALTER TABLE `posts` DISABLE KEYS */;
INSERT INTO `posts` VALUES (1,23,'Voluptatibus itaque non doloremque. Officia temporibus ut odio aut. Doloribus suscipit iure sunt numquam laborum porro culpa. Neque dolor aliquid quae.',57,'2001-10-12 05:11:25','2018-01-26 14:58:47'),(2,2,'Voluptatum facilis alias dolores quibusdam amet sit est impedit. Sequi ipsum odio est velit dolorem esse est. Ut est nesciunt cum suscipit dolores qui. Dicta maxime nam hic est tempore consectetur sit.',14,'2010-11-17 01:36:49','1991-10-14 17:35:14'),(3,22,'Asperiores iste similique aliquid alias aut tenetur necessitatibus. Quia rerum consectetur enim provident at quo earum.',6,'2003-08-15 17:23:39','2005-11-27 17:44:50'),(4,97,'Distinctio non expedita consectetur iste. Perspiciatis minima quae itaque neque omnis nam dolores.',65,'2015-06-15 14:27:54','2017-04-19 04:42:18'),(5,59,'Velit molestiae est nihil fuga. Nihil eaque ullam accusantium a expedita. Distinctio harum dignissimos molestiae occaecati et est. Sit ut aliquam est et repudiandae consequuntur quaerat ut.',73,'1970-07-18 16:37:12','2014-12-26 06:14:17'),(6,75,'Iste voluptatem harum natus odio. Eum quia aperiam aut explicabo. Odio omnis maiores perspiciatis eos voluptatem voluptates.',68,'1978-04-02 21:14:29','2011-07-31 21:33:55'),(7,77,'Tempore quo quo iure labore voluptatem excepturi sed dolores. Culpa voluptatibus enim maxime modi minus et ut sint. Libero neque cupiditate deleniti expedita vel ut.',17,'1988-12-23 11:01:57','2003-03-31 13:25:50'),(8,43,'Officia sunt error sequi. Aliquid exercitationem expedita qui unde. Eius provident nihil dolore mollitia ea.',14,'1980-02-29 04:02:59','2008-05-16 11:34:52'),(9,11,'Quia facilis esse nulla vel tenetur. Nemo cum quo et possimus sint. Aut possimus dolores odio at commodi et quia rem. Repellendus voluptatem et voluptatem quia.',78,'2014-05-30 16:48:50','2019-11-02 22:22:15'),(10,16,'Libero facere sed eius. Totam ea itaque molestiae suscipit ut nostrum. Dolor autem dolores laborum aut maiores voluptatem.',88,'1972-10-06 10:44:29','1998-06-27 13:35:10'),(11,2,'Enim ut voluptas pariatur ea modi. Omnis mollitia distinctio nihil est enim est sunt qui. Id officia nemo quia id voluptas blanditiis iusto.',64,'2017-02-02 08:06:27','2011-12-23 20:52:37'),(12,72,'Sunt et quos aut qui similique quos. Id est nisi dicta. Hic ex repudiandae quia voluptatem. Necessitatibus a provident non debitis in earum et.',99,'1971-05-04 00:02:12','2019-09-27 20:47:43'),(13,48,'Vel repudiandae qui aliquid iste quo reprehenderit doloremque. Pariatur eum iusto neque et magnam corrupti aliquid. Ipsum vero praesentium quibusdam cupiditate aliquam velit voluptatem. Atque eaque aperiam maiores sunt necessitatibus mollitia.',18,'1999-11-24 01:40:44','2008-10-18 12:24:58'),(14,9,'Quae praesentium ipsum et et sunt libero. Hic nemo qui aut quod distinctio accusamus omnis. Veritatis sit aut eius maiores ut neque illum. Non sit non eaque sed unde voluptatum est.',74,'1983-09-12 15:59:02','2010-01-23 12:33:56'),(15,27,'Est saepe magni omnis dolores. Recusandae officiis molestias asperiores adipisci eius iusto omnis. Dolore voluptas excepturi atque veritatis aut illum quos sed. Ea commodi perferendis voluptatibus voluptas consectetur deleniti eaque ut. Aperiam et harum amet commodi dolor.',92,'1972-05-13 21:10:44','2010-09-06 15:41:50'),(16,28,'Eveniet officiis placeat consectetur quis libero dolor ducimus delectus. Similique velit qui necessitatibus ea in qui ducimus. Facere odio sit temporibus aperiam rerum tempore aperiam cum. Facere voluptates velit doloribus a.',42,'1991-12-18 00:43:27','2018-03-05 03:39:22'),(17,28,'Est modi doloribus fugit magnam provident molestiae. Ut odit eaque dolorem. Cumque cupiditate corporis perferendis voluptatem pariatur. Quae suscipit et et magni quae magni.',73,'1973-04-14 09:10:20','1988-06-13 15:58:36'),(18,74,'Similique officiis voluptatem omnis. Cupiditate ea est et necessitatibus delectus aut.',48,'1988-06-08 13:35:09','2018-02-12 00:31:40'),(19,91,'Dolorum consequatur delectus harum nihil. Tempore ipsum quod dolorem sed placeat qui. Laudantium cumque ut possimus ut hic neque. Atque deleniti dolores inventore omnis et suscipit explicabo aut.',2,'1971-02-19 23:00:25','1984-07-06 03:44:50'),(20,30,'Animi excepturi ut vel quia modi. Est aliquid nisi maiores dignissimos porro. Magnam eius dicta magnam id quia inventore eos. Architecto quia nemo quis quos voluptates veritatis.',29,'1989-12-13 00:03:18','1988-09-10 15:55:37'),(21,31,'In porro rem rem nobis debitis voluptatibus. Dignissimos eligendi velit aut quisquam saepe sit. Consequatur delectus eaque qui vitae molestias quaerat.',5,'1972-03-27 17:45:47','1970-03-12 02:10:33'),(22,30,'Et iure doloribus sapiente beatae. Iusto ad debitis numquam quia placeat explicabo dolorem. Autem repellat quasi quo quas. Eum et aut mollitia sit fugiat.',2,'1989-12-12 23:21:58','1977-11-27 21:30:45'),(23,11,'Ratione officiis dignissimos qui et eum. Blanditiis consequatur minus quo assumenda nostrum ipsam. Et at quidem qui mollitia. Omnis reiciendis et veritatis eligendi cumque itaque velit.',55,'1976-07-04 00:47:44','1983-09-04 22:27:08'),(24,61,'Ea quos fuga assumenda aut necessitatibus dolor. Consequatur quasi aspernatur consequatur odit possimus aut laudantium. Est impedit molestias in omnis. Quidem quia est nihil neque veniam et quidem.',100,'2012-05-14 07:17:42','2010-07-15 17:35:14'),(25,24,'Quae et ut asperiores corrupti distinctio vel dicta. Accusamus temporibus consequuntur a sint eveniet autem. Qui molestiae repudiandae quaerat. Est sapiente recusandae ut iusto vero est quibusdam sunt.',88,'1991-06-16 00:06:25','1977-02-19 11:50:29'),(26,11,'Doloremque aspernatur nemo ut aut dolores quibusdam. Provident dolores doloremque accusamus dolor vero sed at. Repellat et odit aut et maiores ducimus. Molestias et eveniet excepturi nemo. Modi maxime quia ipsam vel corrupti.',100,'1973-10-03 19:14:02','1970-01-21 10:53:33'),(27,6,'Non similique minima occaecati. Autem qui aut aliquam. Excepturi repellat qui blanditiis rerum enim iure recusandae. Neque ratione voluptas nam.',4,'2006-11-16 02:33:21','2000-08-24 03:50:10'),(28,16,'Dolorem laudantium impedit iste et. Id itaque occaecati eos. Non quisquam aut et est cumque consequatur. Non earum deleniti culpa et et.',67,'1986-08-30 12:36:36','1998-08-03 15:00:23'),(29,26,'Officiis sunt aliquid id rerum consequatur ratione. Eaque nobis sint distinctio quas. Ab omnis debitis id fugiat sed. Exercitationem repellendus qui debitis reiciendis ipsum possimus.',15,'1992-10-20 01:25:49','1993-09-06 21:14:27'),(30,71,'Qui quia aspernatur pariatur aut. Atque quo nihil tempora non nisi. Delectus quaerat similique voluptatem sequi eos ullam. Et tempora non consequatur.',81,'1990-02-26 00:43:22','2010-07-25 16:20:37'),(31,52,'Sed earum iure culpa libero incidunt vitae alias. Eum repellendus rerum voluptas perspiciatis aliquam. Optio quia sed et explicabo.',11,'1979-08-01 01:17:32','2009-10-26 11:50:14'),(32,91,'Eum ut iusto praesentium id voluptas. Non deserunt ratione quis.',24,'1972-11-09 06:18:09','1994-04-03 09:34:10'),(33,40,'Cum modi aut est illo. Aut qui quos officia quaerat. Qui consequatur saepe reprehenderit dolor.',58,'2017-04-17 09:53:32','1979-04-28 06:58:10'),(34,70,'Cupiditate et debitis quia exercitationem. Voluptatem voluptatem non rem quos ea ut inventore.',83,'1972-07-20 03:30:16','2018-08-04 04:15:55'),(35,71,'Repudiandae autem sunt doloremque autem est quis. Quod et odio temporibus quae ea. Voluptatum et ut animi distinctio.',61,'1994-10-14 07:06:56','1978-12-04 01:15:36'),(36,77,'Aut voluptate quibusdam minima dolor. Molestiae laboriosam dolore aut unde voluptas magni quae.',80,'1979-03-24 22:10:17','2016-01-21 18:54:26'),(37,23,'Aut ullam excepturi recusandae dolores. Nulla perferendis quasi dolorem asperiores dolores doloribus. Rerum reiciendis dicta repellat optio veritatis. Aliquid molestiae similique omnis est debitis.',91,'1979-01-20 01:02:04','1993-05-25 13:08:38'),(38,56,'Nihil totam possimus quis optio sapiente. Excepturi inventore in est totam. Quia incidunt quis qui. Alias et asperiores sapiente provident molestias.',71,'1975-04-24 00:16:42','2000-07-24 22:58:44'),(39,13,'Vero ut ipsam assumenda nostrum sunt nobis eos molestias. Suscipit velit voluptas enim molestiae veniam quod quasi. Enim tempora nesciunt veritatis neque qui autem. Fuga quis deserunt facere dolorem.',69,'1978-12-22 15:16:35','2020-01-01 19:29:18'),(40,4,'Nihil non nihil dolorem nam voluptatem quo. Eum ipsa deserunt consequatur non voluptas ratione rerum veritatis. Omnis quas aliquam quo accusamus.',51,'1992-07-08 14:51:20','2005-09-30 15:42:56'),(41,24,'Enim at aut exercitationem et molestias atque alias. Asperiores qui qui distinctio quis inventore aut. Harum odit nostrum excepturi sed doloremque sed. Voluptatum dolore laudantium similique fugiat.',45,'2005-04-04 10:27:31','2006-01-31 08:33:39'),(42,32,'Laudantium sunt voluptatum unde sed ea accusantium. Aut est aliquam quos magnam accusantium repellendus beatae exercitationem. Libero iure ad aut adipisci quisquam non consequatur.',59,'2009-04-01 01:59:04','1970-03-15 09:42:41'),(43,89,'Quo sit ullam maxime est et quia. Tenetur provident omnis voluptatum ab quo. Est voluptatem nihil minus non reprehenderit quia sint. Quis ab est accusamus laborum harum.',20,'1984-04-11 20:17:08','2006-02-01 06:06:06'),(44,6,'Facere quisquam iusto unde nesciunt. Aut quam suscipit est qui ut voluptatem. Qui ipsa quaerat quisquam odio dolorem. Sed enim eaque dolor quod voluptatum aspernatur similique. Pariatur blanditiis deserunt adipisci qui ratione doloremque non.',10,'2017-11-14 16:54:27','1982-01-16 13:11:36'),(45,44,'Vel voluptatem vero vitae nesciunt veritatis. Nobis reiciendis doloremque pariatur minima facere consectetur. Expedita accusantium voluptate porro voluptatibus animi.',14,'2005-03-11 09:16:15','1990-12-20 15:27:47'),(46,65,'Nam odio voluptatem cumque aut quidem. Aliquam ex dolores quia dolore voluptates dolorem. Harum voluptatem temporibus quia nisi aut quis. Distinctio quidem nulla vitae cupiditate facere inventore nesciunt natus.',33,'1981-11-06 06:35:51','1988-03-02 05:37:46'),(47,77,'Id dolores quo non ipsam doloremque perferendis assumenda distinctio. Pariatur doloribus quis voluptatem et asperiores non. Voluptas aut in dolorem reprehenderit. Delectus ratione doloremque provident similique et.',8,'2010-08-14 22:07:25','1988-05-13 06:55:04'),(48,64,'Qui at et vel officiis a eum fuga provident. Voluptatem cum perspiciatis fuga iste dolores voluptatem. Voluptatibus vel assumenda qui sint tempora. Deleniti ut maiores et ex.',40,'1978-01-02 04:29:04','2000-10-16 01:09:43'),(49,97,'Dolore dignissimos unde mollitia facilis consequatur ratione quos. Incidunt nihil id dolor delectus nemo. Atque illum reprehenderit deleniti deleniti non.',66,'1973-02-22 09:08:21','2019-06-12 14:44:16'),(50,92,'Nihil vitae aut corrupti praesentium voluptatem. Ex magnam aliquam maxime minus fugit voluptatum iste. Magnam quo porro itaque rem consequatur in aut. Eius ipsum tempora quia omnis cum quae nemo ut.',20,'1998-03-12 19:55:51','1980-10-23 16:06:47'),(51,48,'Quisquam dolores numquam quo dicta. Assumenda et odio aspernatur similique quia. Distinctio ducimus tempora ipsum tenetur autem sint minus. Tempore saepe et sit corrupti quis iusto modi saepe.',57,'1991-02-06 07:22:57','1988-03-12 04:54:28'),(52,7,'Quidem maxime laboriosam consequatur iste. Officiis est at sunt veniam ea. Ipsam debitis voluptas aut doloribus est atque doloribus.',34,'1987-04-27 22:17:20','2001-08-28 09:10:35'),(53,75,'Et aut vel voluptas sapiente esse necessitatibus. Unde architecto voluptatem est ut. Qui quis id sequi quia.',70,'1998-09-27 14:32:40','1971-04-05 18:37:00'),(54,64,'Ipsam aspernatur perferendis labore et voluptas ab voluptas. Voluptas aut harum et. Ut vitae voluptas omnis sequi maxime ullam maiores. Ut deleniti doloribus temporibus.',18,'2006-02-14 14:14:21','1976-05-01 22:15:56'),(55,87,'Aut hic asperiores accusantium consectetur et deserunt facilis. Quam reprehenderit dolorem provident ullam voluptates in quos. Aut tempore voluptas asperiores laborum molestiae.',38,'2002-10-24 05:56:04','1999-10-10 16:21:10'),(56,43,'Consectetur voluptate non molestias molestiae esse eum deserunt. Commodi animi a accusamus iste labore aut. Numquam corrupti et eos. Quod et amet in libero.',2,'1973-03-29 05:36:37','2011-03-01 11:09:05'),(57,78,'Officiis inventore ea maxime quia sunt quaerat laborum. Id similique omnis accusantium dolorum suscipit consectetur voluptatem. Dolorum omnis vero quia ut ut.',60,'1990-08-20 12:20:02','2000-06-18 18:22:51'),(58,92,'Et eligendi dolores sapiente temporibus. Doloremque enim amet et laboriosam sed. Rerum porro quibusdam minima et nam suscipit.',65,'1980-07-07 20:19:28','1988-04-05 23:18:51'),(59,38,'Architecto alias tempora enim dolores qui quia. Quasi dolores vero error non eum fugiat molestiae.',88,'2005-05-16 13:06:25','1993-05-07 17:38:10'),(60,32,'Rerum laboriosam deleniti ut neque ea qui temporibus. Magnam omnis eligendi totam velit eveniet. Nobis veritatis est necessitatibus nihil ratione sint aut.',99,'1973-04-24 15:22:11','2004-04-28 01:51:40'),(61,5,'Necessitatibus architecto explicabo est id aut fugit. Blanditiis et error perspiciatis vel. Minima et voluptas aut deserunt est.',72,'2012-08-25 13:00:07','1992-04-20 10:04:14'),(62,81,'Ab dolore saepe non. Assumenda ipsa cum error impedit. Fuga veniam minima nihil quam voluptatibus. Commodi sunt ut error iusto cumque repudiandae nulla voluptatem.',4,'1990-03-14 21:56:15','2018-02-08 20:07:40'),(63,41,'Dolore reiciendis eos qui repellat totam. Omnis tempora qui sunt reiciendis aliquam voluptas qui.',4,'1982-06-04 19:12:27','1973-10-05 07:38:39'),(64,12,'Voluptatibus dolorum neque officia sint vitae et alias. Inventore culpa libero eligendi rerum. Quia a voluptates debitis deserunt saepe qui optio magnam. Provident hic temporibus ducimus aut.',64,'2018-01-24 01:40:55','2018-01-31 22:36:15'),(65,38,'Corporis officiis et deleniti laudantium. Beatae vel sint eum deleniti vitae aperiam. Culpa qui aspernatur assumenda corporis voluptas id molestiae. Doloribus et minus voluptatum iusto.',96,'2015-12-19 11:32:22','2011-12-31 00:08:44'),(66,96,'Labore nostrum inventore occaecati ut ut. Iure praesentium ex architecto numquam. Aliquid eos sequi nesciunt. Deleniti aliquam quaerat expedita aperiam ut animi.',73,'1990-04-28 14:37:43','1989-11-25 18:26:34'),(67,73,'Ut ut maxime sit dolores quia. Ipsa ratione aspernatur voluptatem nobis. Laboriosam sit ut et exercitationem nesciunt consequatur consectetur. Dignissimos et labore eum est aut qui saepe.',89,'2018-07-18 08:04:01','2006-04-26 08:30:57'),(68,82,'Ut delectus nam ad nostrum. Sed fuga voluptatibus ea debitis libero nemo tenetur saepe. Blanditiis veniam expedita in id fugiat consequuntur.',18,'1986-02-12 07:01:42','1988-12-15 03:50:19'),(69,41,'Excepturi distinctio doloremque ipsa cum aut velit. Quo at distinctio dicta. Molestiae voluptatibus dolorem temporibus aut. Id ipsa eligendi tenetur voluptatum qui.',7,'1994-01-15 19:54:40','2005-06-03 21:18:13'),(70,13,'Soluta autem suscipit minus numquam qui nobis impedit distinctio. Laboriosam quia ea laborum inventore quibusdam qui. Deleniti perferendis ullam commodi impedit numquam et.',49,'1991-12-15 02:57:46','1978-08-10 21:27:01'),(71,65,'Autem accusamus ratione omnis enim. Similique temporibus maxime deleniti sint odio. Sit sunt et dolores repellat et porro vero.',56,'1989-03-09 16:03:27','1986-06-23 17:33:36'),(72,80,'Ut debitis temporibus sit. Et ut reiciendis sit reprehenderit qui in possimus. Similique inventore facilis magnam beatae. Assumenda fugiat ad cumque eum dolorum illum aut.',55,'2013-12-20 08:12:24','1992-08-27 22:42:23'),(73,60,'Corrupti magnam est et a sed. Dolores non sapiente hic beatae sint esse est rem. Explicabo necessitatibus dicta rerum ex et consequatur. Et et qui hic.',50,'1988-03-12 11:29:58','1987-04-01 04:37:22'),(74,1,'Doloribus aut laudantium at dolorum nostrum sit omnis. Qui voluptatibus fuga exercitationem natus perspiciatis velit. Occaecati dolorem est quia ducimus consequatur dicta quaerat. Deleniti quia aliquid earum eum aut.',20,'1987-06-05 17:52:09','1976-04-07 16:18:04'),(75,84,'Eum esse rerum quia. Nostrum pariatur rerum iste aut fugiat enim cumque. Accusamus similique officiis dolorem inventore labore ut delectus laborum.',63,'1999-01-12 04:32:24','2019-09-06 05:31:27'),(76,6,'Exercitationem rerum non nulla deleniti iure repellendus. Aut est autem illo laborum architecto praesentium. Eos in perspiciatis quo soluta. Itaque mollitia consequatur ut sit deleniti reiciendis. Exercitationem accusantium sint magnam amet aspernatur et doloremque.',64,'2005-04-02 23:30:43','1971-12-29 04:14:28'),(77,36,'Non ex dolorem distinctio vel. Error voluptatum aut nihil repudiandae. Non repudiandae asperiores in et. Quaerat ut accusantium expedita ut neque.',55,'1972-02-01 07:53:51','2002-03-27 02:14:08'),(78,50,'Ut blanditiis tenetur dolores exercitationem sed quisquam. Sit sed eos aut eos unde. Fugiat sunt voluptate eos et quae iure. Ipsam iure nemo nemo sed. Blanditiis totam earum recusandae officiis vel impedit.',53,'1971-11-13 04:05:58','1994-05-22 00:05:56'),(79,3,'Non doloremque commodi blanditiis cum sed vitae quidem. Praesentium voluptas unde tempora non ex culpa. Recusandae voluptas ad suscipit quae quos.',46,'2017-03-18 04:59:25','1978-10-13 02:54:40'),(80,70,'Delectus praesentium ut veritatis voluptas eaque fugiat veritatis. Quidem perferendis assumenda iste dolorem tempora omnis. Qui distinctio voluptatum consequatur aut similique. Quisquam sunt necessitatibus et et rem sed et. Perferendis et assumenda accusantium tempore laboriosam at.',29,'2009-08-21 13:39:09','2014-09-19 10:49:29'),(81,6,'Nisi excepturi dolor excepturi accusantium minima consequatur dolore a. Tempore nostrum facere cupiditate quam est maiores. Esse adipisci a unde sint. Blanditiis facere iusto consequatur quod et ullam et et.',44,'1999-06-06 22:31:26','1973-09-16 04:12:41'),(82,91,'Qui est sed dolores cumque vel quis. Asperiores et magnam accusamus esse dolor. Non qui doloremque vero incidunt.',71,'1989-08-13 02:19:59','1982-06-01 23:58:57'),(83,92,'Quas numquam molestiae autem odit. Est debitis labore qui quisquam. Necessitatibus perspiciatis ut sint doloribus ut mollitia rerum. Et est aut non placeat est natus.',81,'2011-05-13 16:13:04','1986-01-16 13:52:43'),(84,19,'Cumque et sint vel eum magni ut sed. Repellendus nostrum mollitia velit ducimus. Eum officiis tempora impedit recusandae.',86,'1993-10-01 11:42:16','1993-06-10 10:49:18'),(85,15,'Unde vel quo ipsum. Sunt natus vitae et eaque neque animi est. Nostrum numquam culpa nobis illum molestiae et et. Illum quia ut et possimus odio omnis sed.',77,'1996-04-08 01:55:20','1981-11-11 20:02:52'),(86,60,'Blanditiis eos voluptates dolor ut. Quam voluptates sed reiciendis quibusdam ipsa.',59,'1975-04-09 04:41:19','2006-04-23 00:16:28'),(87,64,'Impedit vel et perferendis et ut autem. Praesentium saepe quasi voluptatem ab minus nihil id ut. Minima incidunt delectus et distinctio voluptas.',100,'1989-03-23 16:21:47','1997-07-25 20:36:37'),(88,29,'Commodi dolorum quae ea eveniet odio. Blanditiis placeat autem cupiditate qui a. Corrupti molestiae deleniti aut magni et.',38,'2001-03-15 03:10:39','1986-08-06 23:24:38'),(89,26,'Ducimus magnam et at cum architecto velit. Dolores ea aut quae in omnis. Et consequatur odit accusamus provident tempora ex ut. Saepe enim voluptate accusamus.',74,'1994-12-18 05:03:06','1972-12-27 12:44:06'),(90,92,'Et qui eius aut nihil numquam at. Soluta iure fugit repudiandae nemo et nulla.',64,'1976-05-26 00:50:57','1983-02-12 15:20:54'),(91,72,'Accusantium sit et omnis occaecati culpa reiciendis. Harum nulla aut porro quam quis sed ipsam nisi. Error repudiandae sed nihil aspernatur nulla. Optio illo eum ab.',89,'2015-02-12 01:32:55','1972-07-02 04:04:01'),(92,63,'Quis unde aperiam corporis nihil reprehenderit. Eos nemo pariatur error saepe iste nihil minima. At tempora et optio quia natus. Delectus et omnis et dolor voluptate et in.',3,'2013-06-10 05:57:36','1996-07-25 18:09:31'),(93,64,'Consequatur amet voluptas dolorum omnis voluptas explicabo eligendi. Amet culpa ut sed sint. Alias inventore ut quo temporibus. Quos voluptatem quaerat ab.',88,'1997-10-23 11:03:38','2014-11-16 03:00:03'),(94,97,'Quasi provident sed vel aspernatur non ea tempore. Et aut qui alias reiciendis et eligendi et. Consequatur vel aut temporibus nihil voluptatum.',81,'1971-11-24 12:33:00','2010-04-11 06:10:39'),(95,45,'Quia sit vel sint est molestiae ut ullam dolorem. Quia sit ipsum et nemo ex suscipit earum. Et dolorem a consequatur. Asperiores iusto aspernatur at aut et esse sint. Magni laudantium odit non iure aperiam assumenda.',76,'1974-01-12 13:32:45','2007-02-19 02:31:52'),(96,32,'Quae ea cumque delectus quia eaque. Deleniti sint non voluptas placeat exercitationem necessitatibus. Nam id quia ratione quis qui fuga.',37,'1999-02-03 15:41:08','1988-10-31 22:40:57'),(97,29,'Adipisci unde quo est excepturi et enim. Consequatur recusandae officia totam. Quisquam minus eos provident est laborum. Rerum unde dolorum iure ut rerum totam.',70,'1972-03-21 12:00:26','2015-10-27 17:59:51'),(98,86,'Expedita doloremque repellendus voluptas velit soluta ipsam veniam. At ipsam itaque adipisci molestiae. Esse porro voluptate quia dolores quo nesciunt dolorem sapiente. Qui quia et quos aut repudiandae placeat voluptatibus.',35,'1974-04-29 08:34:14','1980-10-19 19:05:17'),(99,91,'Vitae et eos porro earum saepe autem blanditiis. Officia vel distinctio quam autem nulla error. Omnis a hic minus itaque. Atque perspiciatis ea nemo in ea modi consequatur.',81,'2012-11-08 10:06:13','1989-03-12 08:14:41'),(100,57,'Enim nobis ex libero. Qui non ea ut nam officiis occaecati. Qui fuga nam quas eius ex et.',100,'1970-08-25 20:38:28','1982-06-05 17:20:08');
/*!40000 ALTER TABLE `posts` ENABLE KEYS */;
UNLOCK TABLES;

--
-- Table structure for table `profiles`
--

DROP TABLE IF EXISTS `profiles`;
/*!40101 SET @saved_cs_client     = @@character_set_client */;
/*!50503 SET character_set_client = utf8mb4 */;
CREATE TABLE `profiles` (
  `user_id` int(10) unsigned NOT NULL,
  `sex` char(1) CHARACTER SET utf8 COLLATE utf8_unicode_ci NOT NULL,
  `birthday` date DEFAULT NULL,
  `hometown` varchar(100) CHARACTER SET utf8 COLLATE utf8_unicode_ci DEFAULT NULL,
  `photo_id` int(10) unsigned NOT NULL,
  PRIMARY KEY (`user_id`)
) ENGINE=InnoDB DEFAULT CHARSET=utf8 COLLATE=utf8_unicode_ci;
/*!40101 SET character_set_client = @saved_cs_client */;

--
-- Dumping data for table `profiles`
--

LOCK TABLES `profiles` WRITE;
/*!40000 ALTER TABLE `profiles` DISABLE KEYS */;
INSERT INTO `profiles` VALUES (1,'F','1984-11-12','767 Schmidt Causeway\nLindabury, MN 66705-1124',88),(2,'F','1977-03-17','74140 Cruz Key\nNew Shayneview, WI 51214',83),(3,'M','1973-03-22','556 Pollich Rapid\nNew Elisha, CA 54709-9735',52),(4,'F','2003-02-27','448 Lorenzo Underpass\nNorth Ellischester, AZ 06950',11),(5,'M','1970-11-07','2672 Boyd Inlet\nLarkinshire, PA 31746-5814',99),(6,'F','1977-09-28','83098 Bruen Shoal\nKrajcikbury, KS 85284-8693',63),(7,'M','1989-12-11','06319 Agnes Cove Apt. 916\nThelmashire, UT 27069-6422',18),(8,'F','2010-07-23','82781 Ebert Isle Suite 456\nCadeside, AR 42071',0),(9,'M','1971-07-08','303 Sandra River\nFerryville, NJ 85359',48),(10,'M','2005-09-24','827 Yesenia Plains\nWest Eldahaven, MD 31924-6862',42),(11,'M','2012-05-23','176 Graham Path\nJohnpaulside, LA 44822-2468',66),(12,'F','1979-03-03','71659 Ransom Rue\nWest Davin, NE 56978',4),(13,'F','1980-01-31','9394 VonRueden Ports Suite 363\nAlaynaton, NY 42644',23),(14,'M','2005-11-01','64082 Carli Spurs Apt. 435\nLincolnfurt, CO 79172',5),(15,'M','2015-05-14','53922 Mertz Terrace Suite 059\nRosalynfurt, TN 52508',55),(16,'M','1999-09-27','327 Opal Squares Apt. 573\nWest Katrina, NY 54398-7190',61),(17,'F','2004-09-03','8003 O\'Connell Pike Apt. 919\nLake Susieton, SD 01858',41),(18,'F','1979-04-27','114 Garnett Isle Suite 895\nTremblaychester, HI 31458',22),(19,'M','1992-03-22','753 Wisozk Rue\nMetzhaven, TN 13081',86),(20,'M','1999-06-02','4513 Bogisich Streets\nEast Darrel, MS 83265-6461',64),(21,'F','1976-02-01','1624 Imani Trail Suite 193\nPort Eldredchester, AR 75174',64),(22,'F','1975-08-09','788 Skiles Run Apt. 560\nNolanville, ID 42545',26),(23,'M','1983-04-13','32999 Considine Light\nMcDermottstad, CT 02130',41),(24,'M','1972-06-25','49712 Hulda Brooks Suite 595\nNorth Petraside, LA 69327',28),(25,'F','1984-05-15','7573 Narciso Stream Suite 804\nNorth Thalia, CT 95509-0493',18),(26,'F','1979-06-01','12126 Brakus Roads Suite 051\nPort Carleyborough, HI 24773',7),(27,'M','1976-02-09','19485 Aracely Valley Suite 703\nBogisichstad, WI 26725',79),(28,'F','1989-02-26','6078 Durgan Throughway\nMitchellview, NM 25090',75),(29,'F','1970-12-10','0503 Bethany Pine\nLuemouth, OK 18245',40),(30,'M','1980-06-04','8895 McGlynn Junctions Suite 815\nAthenashire, TN 51585-3376',76),(31,'F','1970-10-30','957 Thompson Center\nMylesville, NC 40241-5042',62),(32,'F','1999-06-02','60729 Smith Lake\nPort Vincent, MT 45054-9452',79),(33,'F','1995-08-11','95363 Rubye Bypass\nPort Sedrick, ND 24347-9776',11),(34,'F','2007-08-10','4318 Harber Curve\nLake Ernesthaven, NJ 87589',18),(35,'M','1979-12-12','14842 Herman Pass Suite 522\nLuettgenfurt, NV 93696-2988',56),(36,'M','2010-02-15','90297 Coy Mountains Apt. 576\nEast Rebecca, MD 32562',27),(37,'F','2018-03-19','6587 Jaida Prairie Apt. 343\nEast Octavialand, DE 14462-6528',69),(38,'M','1984-07-09','06415 Stokes Green\nEmmanuelleport, AR 63753',62),(39,'F','2000-04-17','551 Heath Ramp\nJermainchester, CO 01251-1458',6),(40,'M','2006-10-07','680 Hammes Parkways\nLangton, GA 10154',43),(41,'M','2012-09-26','688 Xzavier Plains\nJastfurt, DC 57954-7437',96),(42,'F','1982-10-16','82722 Rogahn Stream Apt. 221\nHanefurt, NC 54628',52),(43,'F','2017-04-19','031 Goyette Passage\nDewayneshire, SC 18097-6903',74),(44,'M','2013-04-19','98008 Brendon Meadows\nEast Jeramymouth, LA 66536',14),(45,'F','1997-09-19','6545 Senger Streets\nWest Augustus, ND 53889-5193',50),(46,'M','1983-05-23','4006 Marilou Ford\nMohammadshire, WY 80727',8),(47,'F','1976-06-10','330 Lucy Branch Apt. 622\nLake Marcelina, AZ 99861',92),(48,'F','1984-03-07','010 Emard Meadow\nSouth Hilmafort, AK 38005',34),(49,'M','1982-10-07','6574 Samir Points\nNorth Nasirhaven, MI 47609-0508',97),(50,'M','2012-08-03','9696 Schneider Streets Suite 169\nLabadietown, PA 24555',81),(51,'M','2011-02-22','7213 Kerluke Heights Apt. 399\nNew Vidaland, MS 69951',14),(52,'F','1972-02-06','778 Annamae Rest\nKileymouth, DE 94804',26),(53,'M','1995-11-23','4286 Lehner Shoal Suite 696\nCollierburgh, AL 25990-1039',92),(54,'F','1995-09-16','3406 Abe Divide\nBartonfurt, MD 87554-9287',82),(55,'M','1987-08-19','5536 Paucek Pass Apt. 096\nNorth Andyview, FL 73908',34),(56,'M','2007-11-04','3070 Quigley Village\nSchadentown, NE 25443-0551',24),(57,'F','2004-12-21','466 Mafalda Radial Apt. 366\nLake Angelaport, IN 66203',17),(58,'M','2018-07-23','94689 Kutch Alley\nKirlinstad, WY 10497-0303',14),(59,'M','1974-08-21','978 Schinner Forge Suite 914\nPort Robb, MO 04238-1436',22),(60,'M','1970-05-26','3026 Ryann Gardens Suite 047\nKirlinport, OK 33636-4127',65),(61,'M','2018-03-10','748 Barney Prairie\nKennethmouth, FL 69243-9569',61),(62,'M','1989-03-09','345 Godfrey Valley\nEast Grover, IL 37467',12),(63,'M','1977-10-31','199 Joaquin Camp\nWest Hanna, CT 79551-1626',78),(64,'M','1981-09-24','228 Kaya Plaza Suite 942\nAlbinaside, NC 71790',51),(65,'M','1994-08-17','081 Dusty Mills Suite 019\nKendrafort, MT 73383-5966',25),(66,'F','2013-03-06','99740 General Junctions\nFreddyberg, NE 88488-7251',71),(67,'F','2008-09-27','04528 Bogan Centers Suite 328\nJaydenborough, UT 09234-4342',80),(68,'F','2011-07-18','1923 Lonny Lakes\nKassulkechester, VT 91608',88),(69,'F','1995-04-24','44145 Adams Summit\nEast Pauline, OH 91812',99),(70,'F','1999-05-15','8726 Lesley Common\nSouth Carissa, WA 90944-0429',31),(71,'F','1986-09-03','66043 Thalia Falls Suite 032\nSouth Mariana, MI 83945',59),(72,'F','2015-06-06','6591 Nathaniel Squares Suite 556\nMitchellton, AK 72003-0605',4),(73,'M','1998-01-21','9356 Lind Inlet Apt. 646\nBorermouth, TN 69449-0280',42),(74,'M','1986-09-07','714 Roob Course Suite 971\nNyatown, ID 61184-0806',97),(75,'F','2002-04-18','594 Anderson Spring Suite 496\nMillerland, ME 98336',61),(76,'M','1997-02-03','805 Alana Locks\nSantamouth, NJ 41125',13),(77,'F','1982-03-21','240 Treutel Spring\nPort Godfrey, IN 35937',82),(78,'M','1976-06-02','36143 Bartell Street\nHowellside, RI 34304',74),(79,'M','2006-07-03','86303 Hamill Walk\nAlbertaland, MN 95993-8110',22),(80,'M','1982-12-10','782 Eichmann Union\nKiehnville, MO 16471',88),(81,'F','2016-07-06','2216 Wunsch Rest Suite 487\nO\'Harastad, OR 72801',74),(82,'M','2002-09-25','871 Wilma Mall Suite 946\nGreysonburgh, UT 69340',7),(83,'M','2003-12-15','91883 Ledner Park Suite 883\nPouroshaven, WY 14064',14),(84,'M','2019-01-19','8607 Watsica Avenue Suite 048\nZoraborough, OH 79399-9170',49),(85,'F','1980-08-10','8524 Krajcik Spurs Apt. 788\nTylerport, SD 76690-0250',5),(86,'M','1982-03-31','1036 Kuhn Way Suite 209\nNew Madelyn, MI 46015',76),(87,'F','1971-08-02','0391 Wisozk Union\nPort Rosalia, MN 67110-5624',66),(88,'F','1984-03-29','564 Genevieve Island Apt. 519\nMadelynmouth, MN 34125-1811',2),(89,'M','2019-11-20','1590 Schmeler Common Suite 028\nHirthefort, SC 31072-2451',12),(90,'F','1982-04-26','99758 Karson Courts Suite 096\nWest Mohammedchester, NM 41930-7769',56),(91,'M','1993-04-07','89951 Balistreri Summit\nWest Bulahbury, MA 80123',43),(92,'F','2017-02-22','8485 Stephanie Center\nMilobury, OH 80250',49),(93,'F','2012-06-09','214 Shemar Mission Apt. 608\nWest Ollietown, IL 96764-2724',16),(94,'M','1995-01-26','5076 Gulgowski Islands Suite 039\nNikolashaven, IA 59259-4671',34),(95,'M','2018-11-14','81156 Schaden Brooks Suite 918\nMacejkovicberg, DE 39469',24),(96,'F','1994-05-31','7805 Anderson Oval\nCarterview, RI 30857-9184',17),(97,'F','1994-07-10','7058 Howe Circles\nNorth Antonetta, IL 41579',16),(98,'M','1994-05-18','462 Luna Island\nPort Helgaborough, VT 96593',27),(99,'F','1973-01-22','2756 Gerlach Hills\nNorth Celine, NC 73086',87),(100,'M','2005-11-03','425 Armstrong Unions Apt. 568\nMiracletown, NC 45631-1382',57);
/*!40000 ALTER TABLE `profiles` ENABLE KEYS */;
UNLOCK TABLES;

--
-- Table structure for table `users`
--

DROP TABLE IF EXISTS `users`;
/*!40101 SET @saved_cs_client     = @@character_set_client */;
/*!50503 SET character_set_client = utf8mb4 */;
CREATE TABLE `users` (
  `id` int(10) unsigned NOT NULL AUTO_INCREMENT,
  `first_name` varchar(100) CHARACTER SET utf8 COLLATE utf8_unicode_ci NOT NULL,
  `last_name` varchar(100) CHARACTER SET utf8 COLLATE utf8_unicode_ci NOT NULL,
  `email` varchar(120) CHARACTER SET utf8 COLLATE utf8_unicode_ci NOT NULL,
  `phone` varchar(120) CHARACTER SET utf8 COLLATE utf8_unicode_ci NOT NULL,
  `created_at` datetime DEFAULT CURRENT_TIMESTAMP,
  `updated_at` datetime DEFAULT CURRENT_TIMESTAMP ON UPDATE CURRENT_TIMESTAMP,
  PRIMARY KEY (`id`),
  UNIQUE KEY `email` (`email`),
  UNIQUE KEY `phone` (`phone`)
) ENGINE=InnoDB AUTO_INCREMENT=101 DEFAULT CHARSET=utf8 COLLATE=utf8_unicode_ci;
/*!40101 SET character_set_client = @saved_cs_client */;

--
-- Dumping data for table `users`
--

LOCK TABLES `users` WRITE;
/*!40000 ALTER TABLE `users` DISABLE KEYS */;
INSERT INTO `users` VALUES (1,'Gage','Dickinson','bbeier@example.net','948.309.2092','2005-07-12 01:52:11','1999-09-14 01:03:14'),(2,'Mandy','Zemlak','scotty.huel@example.net','1-960-664-5414x57762','1985-12-25 07:08:42','1970-02-11 06:19:29'),(3,'Estell','Raynor','sharon.hartmann@example.net','1-168-946-5035x578','2000-09-07 06:23:18','1976-05-14 12:06:53'),(4,'Rick','Parisian','samantha86@example.com','1-929-582-2203','1994-12-08 00:40:31','2006-12-03 05:13:24'),(5,'Jaylen','Swaniawski','altenwerth.westley@example.org','+04(0)7660908924','1972-05-26 21:26:35','1975-05-19 13:29:30'),(6,'Jazmyne','Schaefer','brenda.conn@example.org','1-210-026-6108x80806','2016-05-26 04:07:28','1989-08-21 00:38:37'),(7,'Aron','Turcotte','bertram03@example.com','(460)391-7335','1970-09-21 06:09:10','1996-08-12 21:04:14'),(8,'Cierra','Dietrich','jesse92@example.com','707-255-1303','1977-05-22 02:21:40','1997-03-05 18:38:28'),(9,'Jodie','Funk','ziemann.shaina@example.org','1-824-722-1539','2007-03-06 12:22:57','2006-09-22 20:59:25'),(10,'Ora','Stanton','ransom36@example.com','1-659-216-7853x1595','2017-06-10 09:40:55','2004-06-20 11:23:56'),(11,'Alvah','Schamberger','lora56@example.com','(358)876-7949x6224','2017-09-20 14:29:20','1988-11-08 02:35:33'),(12,'Sarah','Dare','dorcas27@example.net','804-779-9710','2015-06-26 14:09:02','1985-03-17 10:35:58'),(13,'Monica','Dickinson','lesch.olga@example.net','1-677-841-0255','2013-06-27 10:57:37','1997-01-17 22:26:13'),(14,'Kenny','Ullrich','gennaro.swaniawski@example.com','(314)007-8430x35528','1990-01-13 20:27:03','1998-02-21 07:55:36'),(15,'Flavio','Hackett','zpagac@example.net','1-507-380-3493','2016-01-19 00:32:30','1974-01-10 12:02:24'),(16,'Theresa','Simonis','kennedy24@example.org','+19(4)9948868536','2008-07-08 09:23:35','1981-06-23 20:32:23'),(17,'Magdalena','Walsh','hardy.cummings@example.org','928-629-2139','2000-10-18 00:16:15','1998-10-15 18:09:25'),(18,'Yasmeen','Wunsch','goldner.clarabelle@example.com','1-678-920-5046','1973-08-17 12:11:28','1985-10-26 03:23:51'),(19,'Cornell','Cormier','io\'conner@example.org','364-388-6070x927','1998-11-17 00:38:08','1970-10-12 12:54:15'),(20,'Joe','Luettgen','brakus.misael@example.net','01747696518','2006-12-08 22:03:11','1970-06-25 00:53:40'),(21,'Donnell','Nitzsche','vlebsack@example.org','353-438-3685','1973-09-01 20:08:41','2002-05-27 22:57:02'),(22,'Emmalee','Weissnat','brekke.quinn@example.net','07804586759','2009-10-26 00:36:03','2006-10-06 18:55:01'),(23,'Margarett','Auer','nicolas.anastasia@example.net','860.098.3600','1976-02-17 11:40:45','1979-08-10 00:09:07'),(24,'Gaylord','Boyer','doug.reynolds@example.com','+68(2)9019060101','2005-06-12 00:59:51','1972-09-09 07:34:49'),(25,'Raoul','Schneider','o\'connell.hailie@example.com','011.179.8705x8183','2012-07-05 20:59:34','1987-07-03 06:15:21'),(26,'Johanna','Parker','mason45@example.org','(344)836-4057x145','1971-09-23 14:09:17','1983-07-05 19:06:16'),(27,'Blake','Lemke','zkassulke@example.com','(157)087-9658x74249','2013-02-27 00:12:11','2009-06-08 05:18:42'),(28,'Cristina','Rippin','quigley.phyllis@example.org','777.163.4010x49314','2014-06-18 03:07:42','1984-04-29 22:13:59'),(29,'Jaleel','Haley','margarette17@example.com','(751)248-8646','2018-11-21 02:27:22','1995-04-17 19:25:59'),(30,'Kurtis','Jenkins','dawson.trantow@example.com','(399)835-4552','1973-02-25 22:07:01','1984-02-03 00:26:13'),(31,'Samara','Blick','gleichner.lucy@example.org','(390)788-3183','2010-12-28 22:46:13','2003-10-01 21:21:11'),(32,'Sammie','Osinski','hermann.norval@example.net','(486)062-4466x4887','1998-06-13 09:48:41','2008-11-19 17:18:29'),(33,'Suzanne','Shields','qbogisich@example.com','600-001-6364','1976-05-21 01:11:04','1978-03-12 22:19:20'),(34,'Bonita','DuBuque','graham.guadalupe@example.com','1-835-920-3608x037','1999-05-22 14:19:05','2007-12-22 15:11:35'),(35,'Jimmy','Batz','tpollich@example.org','1-504-377-4348','1974-08-08 05:35:24','1970-07-20 20:54:37'),(36,'Quentin','Reynolds','alexzander49@example.org','579.449.0149x2606','1974-09-21 17:52:46','1984-11-16 02:04:33'),(37,'Reba','Herman','verla.moen@example.com','(900)424-2822x7451','2009-06-13 16:56:41','1982-03-15 14:49:43'),(38,'Gabe','Lueilwitz','jerde.janet@example.com','+00(3)5342225197','2009-05-07 02:59:01','1981-06-19 10:13:04'),(39,'Arthur','Beahan','tiffany.klocko@example.net','1-906-068-8382','1973-01-01 14:45:50','1992-03-14 07:31:25'),(40,'Mafalda','Beer','sally.cruickshank@example.com','(802)999-8661x805','1983-01-08 05:14:21','1987-02-15 11:59:05'),(41,'Maureen','Emard','agottlieb@example.net','1-297-210-3463x2007','1971-12-23 15:10:22','1977-10-16 15:03:39'),(42,'Bonnie','Jacobi','uheidenreich@example.com','735.376.9824x8750','2007-09-07 04:19:25','1987-05-19 12:35:42'),(43,'Daija','Batz','florencio62@example.org','516-524-7635','2008-12-31 03:08:36','1992-01-03 03:10:45'),(44,'Alphonso','Dicki','carmelo.renner@example.net','07041131937','1985-06-12 16:21:08','2014-05-21 16:24:33'),(45,'Connor','Strosin','zwillms@example.com','(677)397-7351','1994-12-14 22:23:35','2014-03-09 04:42:23'),(46,'Prudence','Daugherty','joshuah.rice@example.org','867.515.7301x7768','2016-04-28 16:20:11','2002-03-28 05:11:32'),(47,'Shane','Romaguera','ziemann.jacynthe@example.org','(391)557-7574','1972-04-01 12:29:43','2011-05-24 13:16:02'),(48,'Buck','Veum','abel.bahringer@example.com','1-655-756-5928x18320','2017-03-12 13:11:12','1994-10-21 01:01:31'),(49,'Eryn','Mayer','jenifer.homenick@example.com','(164)478-6154','1993-06-27 04:21:43','1977-04-21 20:24:16'),(50,'Lauren','Tromp','patience.hickle@example.org','125.776.7138x11918','1975-06-08 16:25:12','1970-06-01 10:57:30'),(51,'Donnie','Gerlach','elijah27@example.net','(720)370-1990','1999-11-06 22:42:30','1988-06-16 17:24:58'),(52,'Erna','Metz','vicente.wisoky@example.com','(222)338-5411','2007-02-13 04:32:20','1982-01-16 06:46:06'),(53,'Austen','Daniel','abraham.kerluke@example.net','(995)751-6305x209','1970-11-10 19:35:19','2002-10-27 12:18:29'),(54,'Tierra','Kunze','karina54@example.org','1-381-359-3407','2004-08-02 01:07:40','1986-04-23 19:03:22'),(55,'Freda','Armstrong','herman.isac@example.org','000.929.3037x109','1982-01-22 05:09:58','1986-04-01 13:10:28'),(56,'Katarina','McGlynn','yschoen@example.org','760-756-6199','2010-08-19 04:20:24','1992-04-18 08:55:25'),(57,'Alan','Jacobi','connelly.wade@example.org','1-796-587-1857x31880','2003-04-28 19:00:50','1984-04-30 13:06:14'),(58,'Estella','Goyette','alvena09@example.com','(993)275-6282x65353','2015-01-27 20:12:13','2010-05-30 22:35:30'),(59,'Maximus','Paucek','vjaskolski@example.org','+88(3)1577188108','2005-03-15 09:11:48','2004-12-01 05:15:40'),(60,'Loyal','Morissette','cyril24@example.org','1-321-142-9558','1993-08-19 22:20:35','1986-05-21 03:35:22'),(61,'Aniya','Bogan','tleannon@example.org','+89(7)5474639028','1994-07-06 04:48:25','1976-09-14 13:49:50'),(62,'Earl','O\'Connell','heidenreich.robert@example.com','(684)025-7491','1984-01-05 22:27:43','1996-06-08 19:51:55'),(63,'George','Larson','ehauck@example.net','04364579515','1982-10-02 10:51:18','1993-04-06 16:23:17'),(64,'Cale','Vandervort','gaylord.edgar@example.net','+73(7)4983774190','1984-01-24 13:28:13','1972-10-16 05:15:31'),(65,'Prudence','Dickens','bechtelar.seth@example.com','1-201-566-0363x69071','2004-05-03 23:37:36','2012-04-18 23:06:28'),(66,'Meaghan','Dicki','carlos.cartwright@example.org','1-128-284-3411','2017-01-19 23:18:05','1986-12-23 09:36:16'),(67,'Dominic','Schaefer','asia79@example.com','1-423-187-1809x68181','1993-06-23 02:33:12','2006-07-19 05:00:47'),(68,'Braxton','Robel','plind@example.net','1-184-177-0443','2005-02-17 20:31:43','2009-08-27 16:46:49'),(69,'Brook','Kuhic','carolyn.hauck@example.net','625.091.7073x2414','1981-03-13 19:59:00','2012-02-11 19:23:44'),(70,'Henry','Sporer','piper55@example.net','+01(3)0380618312','1983-11-18 14:52:05','1977-05-11 17:03:51'),(71,'Trey','Legros','bjohnson@example.net','598-292-8980','2016-11-13 14:42:15','2000-02-14 03:34:18'),(72,'Doug','Kirlin','little.clair@example.org','1-115-299-1464x4334','2008-09-07 00:56:54','2008-04-20 11:43:18'),(73,'Lue','Heathcote','lubowitz.norwood@example.net','999.459.7994','1995-06-03 19:52:11','1999-04-11 08:13:06'),(74,'Zoey','Lockman','dhahn@example.net','+11(9)1782229793','2013-06-02 02:04:44','1988-12-26 15:40:38'),(75,'Abbey','Bernhard','declan.fadel@example.com','146-880-9115x4260','1973-12-04 07:33:38','2006-04-10 17:14:23'),(76,'Will','Swift','monty41@example.org','603.819.4393x952','2018-03-25 00:57:18','2014-01-31 10:20:16'),(77,'Aliya','Dare','marquardt.camren@example.org','08042875377','1976-05-12 17:28:51','1984-01-16 06:17:50'),(78,'Kraig','Hoeger','kevon.miller@example.org','(745)663-3429','1972-12-11 00:26:30','2001-07-18 09:34:08'),(79,'Gage','Bashirian','feeney.lillian@example.com','170.044.9369x798','1990-02-21 23:44:48','1991-12-31 04:31:09'),(80,'Abe','Dooley','qbalistreri@example.org','(440)907-5461x74057','1998-02-15 10:32:47','1994-01-17 08:12:36'),(81,'Kianna','White','carlee42@example.org','(134)006-8339','1970-08-13 06:09:11','2019-01-23 10:54:07'),(82,'Tremayne','Morar','rmohr@example.com','267-018-0395x1204','1987-01-07 03:14:44','1989-10-23 18:54:31'),(83,'Elouise','Jenkins','fabiola.altenwerth@example.net','1-947-658-5513x25067','2008-07-23 12:37:27','1976-01-09 01:20:25'),(84,'Amara','Gerlach','hardy.purdy@example.net','346.998.7113','2012-12-22 08:05:23','2013-05-03 22:51:17'),(85,'Benton','Jaskolski','johann19@example.net','+16(5)5693803096','1976-10-26 22:31:35','1985-12-29 23:07:07'),(86,'Elisa','Littel','zachary20@example.net','480-101-3175x0947','1998-02-16 15:30:43','2011-11-15 02:46:22'),(87,'Pearline','Wiza','nkoepp@example.org','(996)203-8496','1991-09-28 01:31:41','1998-12-13 09:54:26'),(88,'Arlie','Cremin','audra.cremin@example.com','278-783-5824x221','2001-07-08 22:37:28','2006-06-30 07:35:45'),(89,'Mathew','Barrows','kirlin.earline@example.net','555-739-2414x68669','1991-03-05 03:46:10','1995-01-06 18:21:41'),(90,'Jovany','Bruen','kozey.orlando@example.com','(917)738-2103','2016-05-30 17:14:24','1988-03-30 22:47:47'),(91,'Loyce','Jacobson','jaylon.durgan@example.net','1-104-470-0202x162','1998-01-29 02:07:19','2004-12-28 02:27:53'),(92,'Joel','Collier','wuckert.cierra@example.org','827-622-0644','1980-01-17 04:04:47','1977-05-23 05:17:07'),(93,'Keeley','Considine','emard.mckenna@example.org','1-818-287-6471x589','1973-06-21 09:09:37','1984-08-29 08:19:17'),(94,'Jazlyn','Collier','feest.nicholaus@example.com','(950)861-8056','1990-04-11 10:43:33','1987-07-01 14:52:07'),(95,'Josiah','Crooks','ehackett@example.org','995-287-7291x734','1988-09-17 13:24:44','1988-02-08 08:46:26'),(96,'Jacinto','Jakubowski','toy58@example.com','153.464.8343','1995-05-05 09:48:54','1998-05-04 03:35:54'),(97,'Hermina','Yundt','iwitting@example.com','(323)792-3145x7783','2010-04-09 04:31:20','1991-03-02 22:42:44'),(98,'Jeff','Little','abel.jones@example.net','(405)163-5863','1976-02-21 05:33:20','1997-06-01 17:02:29'),(99,'Savanah','Ryan','qdaugherty@example.org','1-713-050-0696x366','2003-07-31 08:37:30','1978-04-06 15:20:50'),(100,'Rosina','West','lilian.ward@example.net','(243)443-4762','1986-01-29 23:28:57','2003-01-26 16:13:30');
/*!40000 ALTER TABLE `users` ENABLE KEYS */;
UNLOCK TABLES;
/*!40103 SET TIME_ZONE=@OLD_TIME_ZONE */;

/*!40101 SET SQL_MODE=@OLD_SQL_MODE */;
/*!40014 SET FOREIGN_KEY_CHECKS=@OLD_FOREIGN_KEY_CHECKS */;
/*!40014 SET UNIQUE_CHECKS=@OLD_UNIQUE_CHECKS */;
/*!40101 SET CHARACTER_SET_CLIENT=@OLD_CHARACTER_SET_CLIENT */;
/*!40101 SET CHARACTER_SET_RESULTS=@OLD_CHARACTER_SET_RESULTS */;
/*!40101 SET COLLATION_CONNECTION=@OLD_COLLATION_CONNECTION */;
/*!40111 SET SQL_NOTES=@OLD_SQL_NOTES */;

-- Dump completed on 2020-01-11 23:26:42
